<?xml version="1.0" encoding="UTF-8"?>
<jcr:root xmlns:sling="http://sling.apache.org/jcr/sling/1.0" xmlns:cq="http://www.day.com/jcr/cq/1.0" xmlns:jcr="http://www.jcp.org/jcr/1.0" xmlns:nt="http://www.jcp.org/jcr/nt/1.0"
    xmlns:granite="http://www.adobe.com/jcr/granite/1.0"
    jcr:primaryType="nt:unstructured"
    jcr:title="Options"
    sling:resourceType="cq/gui/components/authoring/dialog">
    <content
        jcr:primaryType="nt:unstructured"
        sling:resourceType="granite/ui/components/coral/foundation/container">
        <items jcr:primaryType="nt:unstructured">
            <tabs
                jcr:primaryType="nt:unstructured"
                sling:resourceType="granite/ui/components/coral/foundation/tabs">
                <items jcr:primaryType="nt:unstructured">
                  <output
                    jcr:primaryType="nt:unstructured"
                    jcr:title="properties"
                    sling:resourceType="granite/ui/components/coral/foundation/container">
                    <items jcr:primaryType="nt:unstructured">
                    <tagsInput
                      jcr:primaryType="nt:unstructured"
                      sling:resourceType="granite/ui/components/coral/foundation/form/pathfield"
                      fieldDescription="Tag Path Browser"
                      fieldLabel="Tag Path Browser"
                      name="./tagsPath"
                      value="/content/cq:tags/care-delivery/conviva"
                      required="{Boolean}true"
                      rootPath="/content/cq:tags/care-delivery"/>
                    <resultPerPage
                      jcr:primaryType="nt:unstructured"
                      fieldLabel="Results Per Page"
                      name="./resultPerPage"
                      value="1"
                      sling:resourceType="granite/ui/components/coral/foundation/form/numberfield" />
                    <hideDescription
                      jcr:primaryType="nt:unstructured"
                      sling:resourceType="granite/ui/components/coral/foundation/form/checkbox"
                      text="Hide description in cards"
                      name="./hideDescription"
                      uncheckedValue="false"
                      fieldDescription="When checked, the cards will not show the description paragraph"
                      value="{Boolean}true"/>
                    </items>
                    </output>
                </items>
            </tabs>
        </items>
    </content>
</jcr:root>
