<?xml version="1.0" encoding="UTF-8"?>
<jcr:root xmlns:sling="http://sling.apache.org/jcr/sling/1.0" xmlns:granite="http://www.adobe.com/jcr/granite/1.0" xmlns:cq="http://www.day.com/jcr/cq/1.0" xmlns:jcr="http://www.jcp.org/jcr/1.0" xmlns:nt="http://www.jcp.org/jcr/nt/1.0"
    jcr:primaryType="nt:unstructured"
    jcr:title="Anchor"
    sling:resourceType="cq/gui/components/authoring/dialog">
    <content
        granite:class="cmp-navigation__editor"
        jcr:primaryType="nt:unstructured"
        sling:resourceType="granite/ui/components/coral/foundation/container">
        <items jcr:primaryType="nt:unstructured">
            <tabs
                jcr:primaryType="nt:unstructured"
                sling:resourceType="granite/ui/components/coral/foundation/tabs"
                maximized="{Boolean}true">
                <items jcr:primaryType="nt:unstructured">
                    <properties
                        jcr:primaryType="nt:unstructured"
                        jcr:title="Properties"
                        sling:resourceType="granite/ui/components/coral/foundation/container"
                        margin="{Boolean}true">
                        <items jcr:primaryType="nt:unstructured">
                            <columns
                                jcr:primaryType="nt:unstructured"
                                sling:resourceType="granite/ui/components/coral/foundation/fixedcolumns"
                                margin="{Boolean}true">
                                <items jcr:primaryType="nt:unstructured">
                                    <column
                                        jcr:primaryType="nt:unstructured"
                                        sling:resourceType="granite/ui/components/coral/foundation/container">
                                        <items jcr:primaryType="nt:unstructured">
                                            <elementID
                                                jcr:primaryType="nt:unstructured"
                                                sling:resourceType="granite/ui/components/coral/foundation/form/textfield"
                                                fieldDescription="Unique ID to target with a different Anchor or Back to Top button."
                                                fieldLabel="Component ID"
                                                name="./elementID"
                                                required="{Boolean}false"/>
                                            <anchorText
                                                jcr:primaryType="nt:unstructured"
                                                sling:resourceType="granite/ui/components/coral/foundation/form/textfield"
                                                fieldDescription="Connect to a corresponding Core Anchor"
                                                fieldLabel="Anchor Text"
                                                name="./anchorText"
                                                required="{Boolean}true"/>
                                            <target-id
                                                jcr:primaryType="nt:unstructured"
                                                sling:resourceType="granite/ui/components/coral/foundation/form/textfield"
                                                fieldDescription="ID of target element. (Used instead of name)"
                                                fieldLabel="Target ID"
                                                name="./targetId"
                                                required="{Boolean}true"/>

                                            <scroll
                                                jcr:primaryType="nt:unstructured"
                                                sling:resourceType="granite/ui/components/coral/foundation/form/select"
                                                fieldDescription="Enable or Disable scroll"
                                                fieldLabel="Scroll"
                                                name="./scroll">
                                                <items jcr:primaryType="nt:unstructured">
                                                    <Enable
                                                        jcr:primaryType="nt:unstructured"
                                                        text="Enable"
                                                        value="{Boolean}true"/>
                                                    <Disable
                                                        jcr:primaryType="nt:unstructured"
                                                        text="Disable"
                                                        value="{Boolean}false"/>
                                                </items>
                                            </scroll>
                                            
                                            <updateUrl
                                                jcr:primaryType="nt:unstructured"
                                                sling:resourceType="granite/ui/components/coral/foundation/form/select"
                                                fieldDescription="Whether to update the URL with the hash anchor"
                                                fieldLabel="Update Url"
                                                name="./updateUrl">
                                                <items jcr:primaryType="nt:unstructured">
                                                    <Enable
                                                        jcr:primaryType="nt:unstructured"
                                                        text="Enable"
                                                        value="{Boolean}true"/>
                                                    <Disable
                                                        jcr:primaryType="nt:unstructured"
                                                        text="Disable"
                                                        value="{Boolean}false"/>
                                                </items>
                                            </updateUrl>

                                        </items>
                                    </column>
                                </items>
                            </columns>
                        </items>
                    </properties>
                </items>
            </tabs>
        </items>
    </content>
</jcr:root>
