<?xml version="1.0" encoding="UTF-8"?>
<jcr:root xmlns:sling="http://sling.apache.org/jcr/sling/1.0" xmlns:granite="http://www.adobe.com/jcr/granite/1.0" xmlns:cq="http://www.day.com/jcr/cq/1.0" xmlns:jcr="http://www.jcp.org/jcr/1.0" xmlns:nt="http://www.jcp.org/jcr/nt/1.0"
    jcr:primaryType="nt:unstructured"
    jcr:title="Article Content Type"
    sling:resourceType="cq/gui/components/authoring/dialog"
    extraClientlibs="[cq.article.authoring]">
    <content
        jcr:primaryType="nt:unstructured"
        sling:resourceType="granite/ui/components/coral/foundation/container">
        <items jcr:primaryType="nt:unstructured">
            <tabs
                jcr:primaryType="nt:unstructured"
                sling:resourceType="granite/ui/components/coral/foundation/tabs"
                maximized="{Boolean}true">
                <items jcr:primaryType="nt:unstructured">
                    <properties
                        jcr:primaryType="nt:unstructured"
                        jcr:title="Properties"
                        sling:resourceType="granite/ui/components/coral/foundation/container"
                        margin="{Boolean}true">
                        <items jcr:primaryType="nt:unstructured">
                            <columns
                                jcr:primaryType="nt:unstructured"
                                sling:resourceType="granite/ui/components/coral/foundation/fixedcolumns"
                                margin="{Boolean}true">
                                <items jcr:primaryType="nt:unstructured">
                                    <column
                                        granite:class="cq-RichText-FixedColumn-column"
                                        jcr:primaryType="nt:unstructured"
                                        sling:resourceType="granite/ui/components/coral/foundation/container">
                                        <items jcr:primaryType="nt:unstructured">
                                            <dataFrom
                                                granite:class="cq-dialog-dropdown-showhide"
                                                granite:id="dataFrom"
                                                jcr:primaryType="nt:unstructured"
                                                sling:resourceType="granite/ui/components/coral/foundation/form/select"
                                                fieldLabel="Display Content Type Using"
                                                name="./dataFrom">
                                                <granite:data
                                                    jcr:primaryType="nt:unstructured"
                                                    cq-dialog-dropdown-showhide-target=".showhide-target"/>
                                                <items jcr:primaryType="nt:unstructured">
                                                    <feed
                                                        granite:hide="${cqDesign.disableFeed}"
                                                        jcr:primaryType="nt:unstructured"
                                                        text="Feed"
                                                        value="feed"/>
                                                    <manual
                                                        granite:hide="${cqDesign.disableManual}"
                                                        jcr:primaryType="nt:unstructured"
                                                        text="Manual"
                                                        value="manual"/>
                                                </items>
                                            </dataFrom>
                                            <setFeed
                                                granite:class="hide showhide-target"
                                                jcr:primaryType="nt:unstructured"
                                                sling:resourceType="granite/ui/components/coral/foundation/container">
                                                <granite:data
                                                    jcr:primaryType="nt:unstructured"
                                                    showhidetargetvalue="feed"/>
                                                <items jcr:primaryType="nt:unstructured">
                                                    <heading
                                                        granite:class="coral-Heading coral-Heading--4"
                                                        jcr:primaryType="nt:unstructured"
                                                        sling:resourceType="granite/ui/components/coral/foundation/heading"
                                                        level="{Long}4"
                                                        text="Article Content Type will be rendered from feed."/>
                                                </items>
                                            </setFeed>
                                            <setManual
                                                granite:class="hide showhide-target"
                                                jcr:primaryType="nt:unstructured"
                                                sling:resourceType="granite/ui/components/coral/foundation/container">
                                                <granite:data
                                                    jcr:primaryType="nt:unstructured"
                                                    showhidetargetvalue="manual"/>
                                                <items jcr:primaryType="nt:unstructured">
                                                    <contentType
                                                        jcr:primaryType="nt:unstructured"
                                                        sling:resourceType="cq/gui/components/coral/common/form/tagfield"
                                                        fieldLabel="Content Type Tag"
                                                        multiple="{Boolean}true"
                                                        name="./articleContentType"
                                                        rootPath="/content/cq:tags/sites"/>
                                                </items>
                                            </setManual>
                                        </items>
                                    </column>
                                </items>
                            </columns>
                        </items>
                    </properties>
                </items>
            </tabs>
        </items>
    </content>
</jcr:root>
