<?xml version="1.0" encoding="UTF-8"?>
<jcr:root xmlns:sling="http://sling.apache.org/jcr/sling/1.0" xmlns:granite="http://www.adobe.com/jcr/granite/1.0" xmlns:cq="http://www.day.com/jcr/cq/1.0" xmlns:jcr="http://www.jcp.org/jcr/1.0" xmlns:nt="http://www.jcp.org/jcr/nt/1.0"
    jcr:primaryType="nt:unstructured"
    jcr:title="Teaser"
    sling:resourceType="cq/gui/components/authoring/dialog"
    extraClientlibs="[core.wcm.components.teaser.v1.editor]"
    helpPath="https://www.adobe.com/go/aem_cmp_teaser_v1"
    trackingFeature="core-components:teaser:v1">
    <content
        granite:class="cmp-teaser__editor"
        jcr:primaryType="nt:unstructured"
        sling:resourceType="granite/ui/components/coral/foundation/container">
        <items jcr:primaryType="nt:unstructured">
            <tabs
                jcr:primaryType="nt:unstructured"
                sling:resourceType="granite/ui/components/coral/foundation/tabs"
                maximized="{Boolean}true">
                <items jcr:primaryType="nt:unstructured">
                    <image
                        jcr:primaryType="nt:unstructured"
                        jcr:title="Image"
                        sling:resourceType="granite/ui/components/coral/foundation/container"
                        margin="{Boolean}true">
                        <items jcr:primaryType="nt:unstructured">
                            <columns
                                jcr:primaryType="nt:unstructured"
                                sling:resourceType="granite/ui/components/coral/foundation/fixedcolumns"
                                margin="{Boolean}true">
                                <items jcr:primaryType="nt:unstructured">
                                    <column
                                        jcr:primaryType="nt:unstructured"
                                        sling:resourceType="granite/ui/components/coral/foundation/container">
                                        <items jcr:primaryType="nt:unstructured">
                                            <imageModifiers
                                                jcr:primaryType="nt:unstructured"
                                                sling:resourceType="granite/ui/components/coral/foundation/form/textfield"
                                                fieldDescription="Additional Dynamic Media Image Serving commands separated by '&amp;'.Field gives complete flexibility to change image effects."
                                                fieldLabel="Image Modifiers"
                                                name="./imageModifiers"/>
                                        </items>
                                    </column>
                                </items>
                            </columns>
                        </items>
                    </image>
                    <actions
                        jcr:primaryType="nt:unstructured"
                        jcr:title="Link &amp; Actions"
                        sling:resourceType="granite/ui/components/coral/foundation/container"
                        margin="{Boolean}true">
                        <items jcr:primaryType="nt:unstructured">
                            <columns
                                jcr:primaryType="nt:unstructured"
                                sling:resourceType="granite/ui/components/coral/foundation/fixedcolumns"
                                margin="{Boolean}true">
                                <items jcr:primaryType="nt:unstructured">
                                    <column
                                        jcr:primaryType="nt:unstructured"
                                        sling:resourceType="granite/ui/components/coral/foundation/container">
                                        <items jcr:primaryType="nt:unstructured">
                                            <linkURL
                                                jcr:primaryType="nt:unstructured"
                                                sling:resourceType="granite/ui/components/coral/foundation/form/pathfield"
                                                fieldDescription="Link applied to teaser elements. URL or path to a content page."
                                                fieldLabel="Link"
                                                name="./linkURL"
                                                rootPath="/content"
                                                wrapperClass="foundation-toggleable cmp-teaser__editor-link-url"/>
                                            <tagSection
                                              jcr:primaryType="nt:unstructured"
                                              sling:resourceType="granite/ui/components/coral/foundation/form/textfield"
                                              fieldLabel="Tag Section"
                                              name="./tagSection"
                                              required="{Boolean}false">
                                              <granite:data
                                                jcr:primaryType="nt:unstructured"
                                                cmp-teaser-v1-dialog-edit-hook="tagSection"/>
                                            </tagSection>
                                            <tagLinkId
                                              jcr:primaryType="nt:unstructured"
                                              sling:resourceType="granite/ui/components/coral/foundation/form/textfield"
                                              fieldLabel="Tag Link Id"
                                              name="./tagLinkId"
                                              required="{Boolean}false">
                                              <granite:data
                                                jcr:primaryType="nt:unstructured"
                                                cmp-teaser-v1-dialog-edit-hook="tagLinkId"/>
                                            </tagLinkId>
                                            <actionsEnabled
                                                jcr:primaryType="nt:unstructured"
                                                sling:resourceType="granite/ui/components/coral/foundation/form/checkbox"
                                                fieldDescription="When checked, enables definition of Call-To-Actions. The linked page of the first Call-To-Action is used when populating title and description."
                                                name="./actionsEnabled"
                                                text="Enable Call-To-Actions"
                                                uncheckedValue="{Boolean}false"
                                                value="{Boolean}true">
                                                <granite:rendercondition
                                                    jcr:primaryType="nt:unstructured"
                                                    sling:resourceType="granite/ui/components/coral/foundation/renderconditions/simple"
                                                    expression="${!cqDesign.actionsDisabled}"/>
                                            </actionsEnabled>
                                            <actionsDisabled
                                                jcr:primaryType="nt:unstructured"
                                                sling:resourceType="granite/ui/components/coral/foundation/form/checkbox"
                                                checked="{Boolean}false"
                                                disabled="{Boolean}true"
                                                fieldDescription="When checked, enables definition of Call-To-Actions. The linked page of the first Call-To-Action is used when populating title and description."
                                                ignoreData="{Boolean}true"
                                                name="./actionsEnabled"
                                                text="Enable Call-To-Actions"
                                                uncheckedValue="{Boolean}false"
                                                value="{Boolean}true">
                                                <granite:rendercondition
                                                    jcr:primaryType="nt:unstructured"
                                                    sling:resourceType="granite/ui/components/coral/foundation/renderconditions/simple"
                                                    expression="${cqDesign.actionsDisabled}"/>
                                            </actionsDisabled>
                                            <actions
                                                granite:class="foundation-toggleable cmp-teaser__editor-multifield_actions"
                                                jcr:primaryType="nt:unstructured"
                                                sling:resourceType="granite/ui/components/coral/foundation/form/multifield"
                                                composite="{Boolean}true">
                                                <field
                                                    granite:class="cmp-teaser__editor-action"
                                                    jcr:primaryType="nt:unstructured"
                                                    sling:resourceType="granite/ui/components/coral/foundation/container"
                                                    name="./actions">
                                                    <items jcr:primaryType="nt:unstructured">
                                                        <link
                                                            granite:class="cmp-teaser__editor-actionField"
                                                            jcr:primaryType="nt:unstructured"
                                                            sling:resourceType="granite/ui/components/coral/foundation/form/pathfield"
                                                            emptyText="Link"
                                                            name="link"
                                                            required="{Boolean}true"
                                                            rootPath="/content">
                                                            <granite:data
                                                                jcr:primaryType="nt:unstructured"
                                                                cmp-teaser-v1-dialog-edit-hook="actionLink"/>
                                                        </link>
                                                        <text
                                                            granite:class="cmp-teaser__editor-actionField"
                                                            jcr:primaryType="nt:unstructured"
                                                            sling:resourceType="granite/ui/components/coral/foundation/form/textfield"
                                                            emptyText="Text"
                                                            name="text"
                                                            required="{Boolean}true">
                                                            <granite:data
                                                                jcr:primaryType="nt:unstructured"
                                                                cmp-teaser-v1-dialog-edit-hook="actionTitle"/>
                                                        </text>
                                                        <tagTitle
                                                            granite:class="cmp-teaser__editor-actionField"
                                                            jcr:primaryType="nt:unstructured"
                                                            sling:resourceType="granite/ui/components/coral/foundation/form/textfield"
                                                            emptyText="Tag title"
                                                            name="tagTitle"
                                                            required="{Boolean}false">
                                                            <granite:data
                                                                jcr:primaryType="nt:unstructured"
                                                                cmp-teaser-v1-dialog-edit-hook="actionTagTitle"/>
                                                        </tagTitle>
                                                    </items>
                                                </field>
                                            </actions>
                                        </items>
                                    </column>
                                </items>
                            </columns>
                        </items>
                    </actions>
                </items>
            </tabs>
        </items>
    </content>
</jcr:root>
