<?xml version="1.0" encoding="UTF-8"?>
<!--~~~~~~~~~~~~~~~~~~~~~~~~~~~~~~~~~~~~~~~~~~~~~~~~~~~~~~~~~~~~~~~~~~~~~~~~~~~~
  ~ Copyright 2017 Adobe
  ~
  ~ Licensed under the Apache License, Version 2.0 (the "License");
  ~ you may not use this file except in compliance with the License.
  ~ You may obtain a copy of the License at
  ~
  ~     http://www.apache.org/licenses/LICENSE-2.0
  ~
  ~ Unless required by applicable law or agreed to in writing, software
  ~ distributed under the License is distributed on an "AS IS" BASIS,
  ~ WITHOUT WARRANTIES OR CONDITIONS OF ANY KIND, either express or implied.
  ~ See the License for the specific language governing permissions and
  ~ limitations under the License.
  ~~~~~~~~~~~~~~~~~~~~~~~~~~~~~~~~~~~~~~~~~~~~~~~~~~~~~~~~~~~~~~~~~~~~~~~~~~~-->
<jcr:root xmlns:sling="http://sling.apache.org/jcr/sling/1.0" xmlns:jcr="http://www.jcp.org/jcr/1.0"
          xmlns:nt="http://www.jcp.org/jcr/nt/1.0" xmlns:cq="http://www.day.com/jcr/cq/1.0"
          xmlns:granite="http://www.adobe.com/jcr/granite/1.0"
    jcr:primaryType="nt:unstructured">
    <content
        jcr:primaryType="nt:unstructured"
        jcr:title="SEO"
        sling:resourceType="granite/ui/components/coral/foundation/container">
        <items jcr:primaryType="nt:unstructured">
            <seo
                jcr:primaryType="nt:unstructured"
                jcr:title="SEO"
                sling:resourceType="granite/ui/components/coral/foundation/fixedcolumns">
                <items jcr:primaryType="nt:unstructured">
                    <column
                        jcr:primaryType="nt:unstructured"
                        sling:resourceType="granite/ui/components/coral/foundation/container">
                        <items jcr:primaryType="nt:unstructured">
                            <seofieldset
                                jcr:primaryType="nt:unstructured"
                                jcr:title="SEO Properties"
                                sling:resourceType="granite/ui/components/coral/foundation/form/fieldset">
                                <items jcr:primaryType="nt:unstructured">
                                    <robots
                                        jcr:primaryType="nt:unstructured"
                                        sling:resourceType="granite/ui/components/coral/foundation/form/select"
                                        emptyOption="{Boolean}true"
                                        fieldLabel="Robots Metadata"
                                        name="./robotsMetadata">
                                        <items jcr:primaryType="nt:unstructured">
                                            <noIndexNoFollow
                                                jcr:primaryType="nt:unstructured"
                                                text="No Index, No Follow"
                                                value="noindex, nofollow"/>
                                            <indexFollow
                                                jcr:primaryType="nt:unstructured"
                                                text="Index, Follow"
                                                value="index, follow"/>
                                            <follow
                                                jcr:primaryType="nt:unstructured"
                                                text="Follow"
                                                value="follow"/>
                                            <noindexFollow
                                                jcr:primaryType="nt:unstructured"
                                                text="No Index, Follow"
                                                value="noindex, follow"/>
                                            <indexNoFollow
                                                jcr:primaryType="nt:unstructured"
                                                text="Index, NoFollow"
                                                value="index, nofollow"/>
                                        </items>
                                    </robots>
                                    <link
                                        jcr:primaryType="nt:unstructured"
                                        sling:resourceType="granite/ui/components/foundation/form/pathbrowser"
                                        fieldDescription="Canonical link or leave empty to use current page"
                                        fieldLabel="Canonical Link"
                                        name="./canonicalLink"
                                        rootPath="/content"/>
                                </items>
                            </seofieldset>
                        </items>
                    </column>
                </items>
            </seo>
        </items>
    </content>
</jcr:root>
