<?xml version="1.0" encoding="UTF-8"?>
<jcr:root xmlns:sling="http://sling.apache.org/jcr/sling/1.0" xmlns:granite="http://www.adobe.com/jcr/granite/1.0" xmlns:cq="http://www.day.com/jcr/cq/1.0" xmlns:jcr="http://www.jcp.org/jcr/1.0" xmlns:nt="http://www.jcp.org/jcr/nt/1.0"
    jcr:primaryType="nt:unstructured"
    jcr:title="Teaser"
    sling:resourceType="cq/gui/components/authoring/dialog"
    extraClientlibs="[core.wcm.components.teaser.v2.editor]"
    helpPath="https://www.adobe.com/go/aem_cmp_teaser_v2"
    trackingFeature="core-components:teaser:v2">
    <content
        granite:class="cmp-teaser__editor"
        jcr:primaryType="nt:unstructured"
        sling:resourceType="granite/ui/components/coral/foundation/container">
        <items jcr:primaryType="nt:unstructured">
            <tabs
                jcr:primaryType="nt:unstructured"
                sling:resourceType="granite/ui/components/coral/foundation/tabs"
                maximized="{Boolean}true">
                <items jcr:primaryType="nt:unstructured">
                    <image
                        jcr:primaryType="nt:unstructured"
                        jcr:title="Image"
                        sling:resourceType="granite/ui/components/coral/foundation/container"
                        margin="{Boolean}true">
                        <items jcr:primaryType="nt:unstructured">
                            <columns
                                jcr:primaryType="nt:unstructured"
                                sling:resourceType="granite/ui/components/coral/foundation/fixedcolumns"
                                margin="{Boolean}true">
                                <items jcr:primaryType="nt:unstructured">
                                    <column
                                        jcr:primaryType="nt:unstructured"
                                        sling:resourceType="granite/ui/components/coral/foundation/container">
                                        <items jcr:primaryType="nt:unstructured">
                                            <imageModifiers
                                                jcr:primaryType="nt:unstructured"
                                                sling:resourceType="granite/ui/components/coral/foundation/form/textfield"
                                                fieldDescription="Additional Dynamic Media Image Serving commands separated by '&amp;'.Field gives complete flexibility to change image effects."
                                                fieldLabel="Image Modifiers"
                                                name="./imageModifiers"/>
                                        </items>
                                    </column>
                                </items>
                            </columns>
                        </items>
                    </image>
                </items>
            </tabs>
        </items>
    </content>
</jcr:root>
