<?xml version="1.0" encoding="UTF-8"?>
<jcr:root xmlns:sling="http://sling.apache.org/jcr/sling/1.0" xmlns:granite="http://www.adobe.com/jcr/granite/1.0" xmlns:cq="http://www.day.com/jcr/cq/1.0" xmlns:jcr="http://www.jcp.org/jcr/1.0" xmlns:nt="http://www.jcp.org/jcr/nt/1.0"
    jcr:primaryType="nt:unstructured"
    jcr:title="Nucleus Checkbox Group"
    sling:resourceType="cq/gui/components/authoring/dialog">
    <content
        granite:class="cmp-navigation__editor"
        jcr:primaryType="nt:unstructured"
        sling:resourceType="granite/ui/components/coral/foundation/container">
        <items jcr:primaryType="nt:unstructured">
            <tabs
                jcr:primaryType="nt:unstructured"
                sling:resourceType="granite/ui/components/coral/foundation/tabs"
                maximized="{Boolean}true">
                <items jcr:primaryType="nt:unstructured">
                    <general
                        jcr:primaryType="nt:unstructured"
                        jcr:title="General"
                        sling:resourceType="granite/ui/components/coral/foundation/container"
                        margin="{Boolean}true">
                        <items jcr:primaryType="nt:unstructured">
                            <columns
                                jcr:primaryType="nt:unstructured"
                                sling:resourceType="granite/ui/components/coral/foundation/fixedcolumns"
                                margin="{Boolean}true">
                                <items jcr:primaryType="nt:unstructured">
                                    <column
                                        jcr:primaryType="nt:unstructured"
                                        sling:resourceType="granite/ui/components/coral/foundation/container">
                                        <items jcr:primaryType="nt:unstructured">
                                            <validationOption
                                                jcr:primaryType="nt:unstructured"
                                                sling:resourceType="granite/ui/components/coral/foundation/form/hidden"
                                                name="./validationOption"
                                                value="default"
                                                required="{Boolean}false"/>
                                            <groupName
                                                jcr:primaryType="nt:unstructured"
                                                sling:resourceType="granite/ui/components/coral/foundation/form/textfield"
                                                fieldDescription="Unique name to describe to user the expectation"
                                                fieldLabel="Label"
                                                name="./groupName"
                                                required="{Boolean}true"/>
                                            <well
                                                jcr:primaryType="nt:unstructured"
                                                sling:resourceType="granite/ui/components/coral/foundation/well">
                                                <items jcr:primaryType="nt:unstructured">
                                                    <checkbox
                                                        granite:class=""
                                                        jcr:primaryType="nt:unstructured"
                                                        sling:resourceType="granite/ui/components/coral/foundation/form/multifield"
                                                        composite="{Boolean}true"
                                                        fieldLabel="Checkboxes">
                                                        <field
                                                            jcr:primaryType="nt:unstructured"
                                                            sling:resourceType="granite/ui/components/coral/foundation/container"
                                                            name="./checkbox">
                                                            <items jcr:primaryType="nt:unstructured">
                                                                <checkboxLabel
                                                                    jcr:primaryType="nt:unstructured"
                                                                    sling:resourceType="granite/ui/components/coral/foundation/form/textfield"
                                                                    fieldDescription="Label next to the box"
                                                                    granite:class="more-site-text"
                                                                    fieldLabel="Label"
                                                                    name="./checkboxLabel"/>
                                                            </items>
                                                        </field>
                                                    </checkbox>
                                                </items>
                                            </well>
                                        </items>
                                    </column>
                                </items>
                            </columns>
                        </items>
                    </general>
                    <advanced
                        jcr:primaryType="nt:unstructured"
                        jcr:title="Advanced"
                        sling:resourceType="granite/ui/components/coral/foundation/container"
                        margin="{Boolean}true">
                        <items jcr:primaryType="nt:unstructured">
                            <columns
                                jcr:primaryType="nt:unstructured"
                                sling:resourceType="granite/ui/components/coral/foundation/fixedcolumns"
                                margin="{Boolean}true">
                                <items jcr:primaryType="nt:unstructured">
                                    <column
                                        jcr:primaryType="nt:unstructured"
                                        sling:resourceType="granite/ui/components/coral/foundation/container">
                                        <items jcr:primaryType="nt:unstructured">
                                           <maxSelected
                                                jcr:primaryType="nt:unstructured"
                                                sling:resourceType="granite/ui/components/coral/foundation/form/numberfield"
                                                fieldDescription="Max number of checkboxes allowed to be checked."
                                                fieldLabel="Max number of selections"
                                                value="99"
                                                name="./maxSelected"
                                                required="{Boolean}false"/>
                                            <validationRequired
                                                jcr:primaryType="nt:unstructured"
                                                sling:resourceType="granite/ui/components/coral/foundation/form/switch"
                                                checked="{Boolean}false"
                                                fieldLabel="Requires at least one checkbox to be checked"
                                                name="./validationRequired"/>
                                            <hideAsterisk
                                                jcr:primaryType="nt:unstructured"
                                                sling:resourceType="granite/ui/components/coral/foundation/form/switch"
                                                checked="{Boolean}false"
                                                fieldLabel="Hide asterisk if a selection is required"
                                                name="./hideAsterisk"/>
                                            <isHint
                                                jcr:primaryType="nt:unstructured"
                                                sling:resourceType="granite/ui/components/coral/foundation/form/switch"
                                                fieldDescription="Give user a validation message below group"
                                                checked="{Boolean}true"
                                                fieldLabel="Give Hint"
                                                name="./isHint"/>
                                            <hintMessage
                                                jcr:primaryType="nt:unstructured"
                                                sling:resourceType="granite/ui/components/coral/foundation/form/textfield"
                                                fieldDescription="Include a message next to the validation hint"
                                                fieldLabel="Custom Error Message"
                                                name="./hintMessage"/>
                                        </items>
                                    </column>
                                </items>
                            </columns>
                        </items>
                    </advanced>
                </items>
            </tabs>
        </items>
    </content>
</jcr:root>
