<?xml version="1.0" encoding="UTF-8"?>
<jcr:root xmlns:sling="http://sling.apache.org/jcr/sling/1.0" xmlns:granite="http://www.adobe.com/jcr/granite/1.0" xmlns:cq="http://www.day.com/jcr/cq/1.0" xmlns:jcr="http://www.jcp.org/jcr/1.0" xmlns:nt="http://www.jcp.org/jcr/nt/1.0"
    jcr:primaryType="nt:unstructured"
    jcr:title="Nucleus Icon"
    sling:resourceType="cq/gui/components/authoring/dialog"
    extraClientlibs="[cq.nucleusIcon.dialog]"
    helpPath="https://nucleus.apps.external.pioneer.humana.com/?path=/story/icon-library-library--active">
    <content
        granite:class="cmp-navigation__editor"
        jcr:primaryType="nt:unstructured"
        sling:resourceType="granite/ui/components/coral/foundation/container">
        <items jcr:primaryType="nt:unstructured">
            <tabs
                jcr:primaryType="nt:unstructured"
                sling:resourceType="granite/ui/components/coral/foundation/tabs"
                maximized="{Boolean}true">
                <items jcr:primaryType="nt:unstructured">
                    <properties
                        jcr:primaryType="nt:unstructured"
                        jcr:title="Properties"
                        sling:resourceType="granite/ui/components/coral/foundation/container"
                        margin="{Boolean}true">
                        <items jcr:primaryType="nt:unstructured">
                            <columns
                                jcr:primaryType="nt:unstructured"
                                sling:resourceType="granite/ui/components/coral/foundation/fixedcolumns"
                                margin="{Boolean}true">
                                <items jcr:primaryType="nt:unstructured">
                                    <column
                                        jcr:primaryType="nt:unstructured"
                                        sling:resourceType="granite/ui/components/coral/foundation/container">
                                        <items
                                            jcr:primaryType="nt:unstructured"
                                            sling:resourceType="granite/ui/components/foundation/container">
                                            <iconList
                                                jcr:primaryType="nt:unstructured"
                                                sling:resourceType="granite/ui/components/coral/foundation/form/select"
                                                fieldDescription="Select the icon family and icon name &lt;Glyph>. Use ctrl + F to search a particular icon. For more details  https://nucleus.apps.external.pioneer.humana.com/?path=/story/icon-library-library--active"
                                                fieldLabel="Icon Family / Icon Name"
                                                name="./icon">
                                                <datasource
                                                    jcr:primaryType="nt:unstructured"
                                                    sling:resourceType="aem/foundation/globalReferences/dynamicIconValues"/>
                                            </iconList>
                                            <iconType
                                                jcr:primaryType="nt:unstructured"
                                                sling:resourceType="granite/ui/components/coral/foundation/form/select"
                                                fieldDescription="select the icon type from dropdown"
                                                fieldLabel="Icon Type"
                                                name="./iconType">
                                                <items jcr:primaryType="nt:unstructured">
                                                    <button
                                                        jcr:primaryType="nt:unstructured"
                                                        text="Button"
                                                        value="button"/>
                                                    <link
                                                        jcr:primaryType="nt:unstructured"
                                                        text="Link"
                                                        value="link"/>
                                                </items>
                                            </iconType>
                                            <arialabel
                                                jcr:primaryType="nt:unstructured"
                                                sling:resourceType="granite/ui/components/coral/foundation/form/textfield"
                                                fieldDescription="Provide icon aria label."
                                                fieldLabel="Aria Label"
                                                name="./ariaLabel"/>
                                        </items>
                                    </column>
                                </items>
                            </columns>
                        </items>
                    </properties>
                </items>
            </tabs>
        </items>
    </content>
</jcr:root>
