<?xml version="1.0" encoding="UTF-8"?>
<jcr:root xmlns:sling="http://sling.apache.org/jcr/sling/1.0" xmlns:cq="http://www.day.com/jcr/cq/1.0" xmlns:jcr="http://www.jcp.org/jcr/1.0" xmlns:nt="http://www.jcp.org/jcr/nt/1.0"
    jcr:primaryType="nt:unstructured"
    jcr:title="Article Image"
    sling:resourceType="cq/gui/components/authoring/dialog">
    <content
        jcr:primaryType="nt:unstructured"
        sling:resourceType="granite/ui/components/coral/foundation/container">
        <items jcr:primaryType="nt:unstructured">
            <tabs
                jcr:primaryType="nt:unstructured"
                sling:resourceType="granite/ui/components/coral/foundation/tabs"
                maximized="{Boolean}true">
                <items jcr:primaryType="nt:unstructured">
                    <asset jcr:primaryType="nt:unstructured">
                        <items jcr:primaryType="nt:unstructured">
                            <columns jcr:primaryType="nt:unstructured">
                                <items jcr:primaryType="nt:unstructured">
                                    <column jcr:primaryType="nt:unstructured">
                                        <items jcr:primaryType="nt:unstructured">
                                            <imageFromPageImage
                                                jcr:primaryType="nt:unstructured"
                                                text="Display image from feed"/>
                                            <file
                                                jcr:primaryType="nt:unstructured"
                                                allowUpload="{Boolean}false"/>
                                        </items>
                                    </column>
                                </items>
                            </columns>
                        </items>
                    </asset>
                    <metadata jcr:primaryType="nt:unstructured">
                        <items jcr:primaryType="nt:unstructured">
                            <columns jcr:primaryType="nt:unstructured">
                                <items jcr:primaryType="nt:unstructured">
                                    <column jcr:primaryType="nt:unstructured">
                                        <items jcr:primaryType="nt:unstructured">
                                            <dynamicmediaGroup jcr:primaryType="nt:unstructured">
                                                <items jcr:primaryType="nt:unstructured">
                                                    <imagepreset
                                                            jcr:primaryType="nt:unstructured"
                                                            fieldDescription="Image Preset to use when rendering image. Change this value only if preset is defined for this component."/>
                                                    <imageModifiers
                                                            jcr:primaryType="nt:unstructured"
                                                            fieldLabel="Dynamic Media Image Modifiers"/>
                                                </items>
                                            </dynamicmediaGroup>
                                            <link
                                                jcr:primaryType="nt:unstructured"
                                                sling:hideResource="{Boolean}true"/>
                                        </items>
                                    </column>
                                </items>
                            </columns>
                        </items>
                    </metadata>
                </items>
            </tabs>
        </items>
    </content>
</jcr:root>
