<?xml version="1.0" encoding="UTF-8"?>
<jcr:root xmlns:sling="http://sling.apache.org/jcr/sling/1.0" xmlns:granite="http://www.adobe.com/jcr/granite/1.0" xmlns:cq="http://www.day.com/jcr/cq/1.0" xmlns:jcr="http://www.jcp.org/jcr/1.0" xmlns:nt="http://www.jcp.org/jcr/nt/1.0"
    jcr:primaryType="nt:unstructured"
    jcr:title="Footer"
    sling:resourceType="cq/gui/components/authoring/dialog"
    extraClientlibs="[go365.common.footer]">
    <content
        granite:class="cmp-navigation__editor"
        jcr:primaryType="nt:unstructured"
        sling:resourceType="granite/ui/components/coral/foundation/container">
        <items jcr:primaryType="nt:unstructured">
            <tabs
                jcr:primaryType="nt:unstructured"
                sling:resourceType="granite/ui/components/coral/foundation/tabs"
                maximized="{Boolean}true">
                <items jcr:primaryType="nt:unstructured">
                    <properties
                        jcr:primaryType="nt:unstructured"
                        jcr:title="Properties"
                        sling:resourceType="granite/ui/components/coral/foundation/container"
                        margin="{Boolean}true">
                        <items jcr:primaryType="nt:unstructured">
                            <columns
                                jcr:primaryType="nt:unstructured"
                                sling:resourceType="granite/ui/components/coral/foundation/fixedcolumns"
                                margin="{Boolean}true">
                                <items jcr:primaryType="nt:unstructured">
                                    <column
                                        jcr:primaryType="nt:unstructured"
                                        sling:resourceType="granite/ui/components/coral/foundation/container">
                                        <items jcr:primaryType="nt:unstructured">
                                            <logo
                                                jcr:primaryType="nt:unstructured"
                                                sling:resourceType="granite/ui/components/coral/foundation/form/pathfield"
                                                fieldDescription="Select The Logo Path"
                                                fieldLabel="Logo Image Path"
                                                name="./logoimage"/>
                                            <logolink
                                                jcr:primaryType="nt:unstructured"
                                                sling:resourceType="granite/ui/components/coral/foundation/form/pathfield"
                                                fieldDescription="Provide The Logo Redirect Path"
                                                fieldLabel="Logo Image Redirect Link"
                                                name="./logoLink"/>
                                            <copyRightText
                                                jcr:primaryType="nt:unstructured"
                                                sling:resourceType="granite/ui/components/coral/foundation/form/textfield"
                                                fieldDescription="copy right text of footer"
                                                fieldLabel="Copy Right Text"
                                                name="./copyRightText"/>
                                            <dinsText
                                                jcr:primaryType="nt:unstructured"
                                                sling:resourceType="granite/ui/components/coral/foundation/form/textfield"
                                                fieldDescription="Dins Text for footer"
                                                fieldLabel="Dins Text"
                                                name="./dinsText"/>
                                            <text
                                                jcr:primaryType="nt:unstructured"
                                                sling:resourceType="cq/gui/components/authoring/dialog/richtext"
                                                name="./footerDesc"
                                                useFixedInlineToolbar="{Boolean}true">
                                                <rtePlugins jcr:primaryType="nt:unstructured">
                                                    <format
                                                        jcr:primaryType="nt:unstructured"
                                                        features="bold,italic"/>
                                                    <justify
                                                        jcr:primaryType="nt:unstructured"
                                                        features="-"/>
                                                    <links
                                                        jcr:primaryType="nt:unstructured"
                                                        features="modifylink,unlink"/>
                                                    <lists
                                                        jcr:primaryType="nt:unstructured"
                                                        features="*"/>
                                                    <misctools jcr:primaryType="nt:unstructured">
                                                        <specialCharsConfig jcr:primaryType="nt:unstructured">
                                                            <chars jcr:primaryType="nt:unstructured">
                                                                <default_copyright
                                                                    jcr:primaryType="nt:unstructured"
                                                                    entity="&amp;copy;"
                                                                    name="copyright"/>
                                                                <default_euro
                                                                    jcr:primaryType="nt:unstructured"
                                                                    entity="&amp;euro;"
                                                                    name="euro"/>
                                                                <default_registered
                                                                    jcr:primaryType="nt:unstructured"
                                                                    entity="&amp;reg;"
                                                                    name="registered"/>
                                                                <default_trademark
                                                                    jcr:primaryType="nt:unstructured"
                                                                    entity="&amp;trade;"
                                                                    name="trademark"/>
                                                            </chars>
                                                        </specialCharsConfig>
                                                    </misctools>
                                                    <paraformat
                                                        jcr:primaryType="nt:unstructured"
                                                        features="*">
                                                        <formats jcr:primaryType="nt:unstructured">
                                                            <default_p
                                                                jcr:primaryType="nt:unstructured"
                                                                description="Paragraph"
                                                                tag="p"/>
                                                            <default_h1
                                                                jcr:primaryType="nt:unstructured"
                                                                description="Heading 1"
                                                                tag="h1"/>
                                                            <default_h2
                                                                jcr:primaryType="nt:unstructured"
                                                                description="Heading 2"
                                                                tag="h2"/>
                                                            <default_h3
                                                                jcr:primaryType="nt:unstructured"
                                                                description="Heading 3"
                                                                tag="h3"/>
                                                            <default_h4
                                                                jcr:primaryType="nt:unstructured"
                                                                description="Heading 4"
                                                                tag="h4"/>
                                                            <default_h5
                                                                jcr:primaryType="nt:unstructured"
                                                                description="Heading 5"
                                                                tag="h5"/>
                                                            <default_h6
                                                                jcr:primaryType="nt:unstructured"
                                                                description="Heading 6"
                                                                tag="h6"/>
                                                            <default_blockquote
                                                                jcr:primaryType="nt:unstructured"
                                                                description="Quote"
                                                                tag="blockquote"/>
                                                            <default_pre
                                                                jcr:primaryType="nt:unstructured"
                                                                description="Preformatted"
                                                                tag="pre"/>
                                                        </formats>
                                                    </paraformat>
                                                    <table
                                                        jcr:primaryType="nt:unstructured"
                                                        features="-">
                                                        <hiddenHeaderConfig
                                                            jcr:primaryType="nt:unstructured"
                                                            hiddenHeaderClassName="cq-wcm-foundation-aria-visuallyhidden"
                                                            hiddenHeaderEditingCSS="cq-RichText-hiddenHeader--editing"/>
                                                    </table>
                                                    <tracklinks
                                                        jcr:primaryType="nt:unstructured"
                                                        features="*"/>
                                                </rtePlugins>
                                                <uiSettings jcr:primaryType="nt:unstructured">
                                                    <cui jcr:primaryType="nt:unstructured">
                                                        <inline
                                                            jcr:primaryType="nt:unstructured"
                                                            toolbar="[format#bold,format#italic,format#underline,#justify,#lists,links#modifylink,links#unlink,#paraformat]">
                                                            <popovers jcr:primaryType="nt:unstructured">
                                                                <justify
                                                                    jcr:primaryType="nt:unstructured"
                                                                    items="[justify#justifyleft,justify#justifycenter,justify#justifyright,justify#justifyjustify]"
                                                                    ref="justify"/>
                                                                <lists
                                                                    jcr:primaryType="nt:unstructured"
                                                                    items="[lists#unordered,lists#ordered,lists#outdent,lists#indent]"
                                                                    ref="lists"/>
                                                                <paraformat
                                                                    jcr:primaryType="nt:unstructured"
                                                                    items="paraformat:getFormats:paraformat-pulldown"
                                                                    ref="paraformat"/>
                                                            </popovers>
                                                        </inline>
                                                        <tableEditOptions
                                                            jcr:primaryType="nt:unstructured"
                                                            toolbar="[table#insertcolumn-before,table#insertcolumn-after,table#removecolumn,-,table#insertrow-before,table#insertrow-after,table#removerow,-,table#mergecells-right,table#mergecells-down,table#mergecells,table#splitcell-horizontal,table#splitcell-vertical,-,table#selectrow,table#selectcolumn,-,table#ensureparagraph,-,table#modifytableandcell,table#removetable,-,undo#undo,undo#redo,-,table#exitTableEditing,-]"/>
                                                    </cui>
                                                </uiSettings>
                                            </text>
                                            <FooterTypeList
                                                jcr:primaryType="nt:unstructured"
                                                sling:resourceType="granite/ui/components/coral/foundation/form/select"
                                                default="mainFooter"
                                                fieldDescription="Select type of footer"
                                                fieldLabel="Footer Type"
                                                name="./footerType">
                                                <items jcr:primaryType="nt:unstructured">
                                                    <mainFooter
                                                        jcr:primaryType="nt:unstructured"
                                                        text="Main Page Footer"
                                                        value="mainFooter"/>
                                                    <subFooter
                                                        jcr:primaryType="nt:unstructured"
                                                        text="Sub Footer"
                                                        value="subFooter"/>
                                                </items>
                                            </FooterTypeList>
                                            <hideDisclosure
                                                jcr:primaryType="nt:unstructured"
                                                sling:orderBefore="disclosure"
                                                sling:resourceType="granite/ui/components/coral/foundation/form/checkbox"
                                                default="{Boolean}true"
                                                fieldLabel="Hide Disclosure"
                                                name="./hideDisclosure"
                                                required="{Boolean}false"
                                                text="Hide disclosure text"
                                                uncheckedValue="true"
                                                value="false"/>
                                            <lastUpdated
                                                jcr:primaryType="nt:unstructured"
                                                sling:resourceType="granite/ui/components/coral/foundation/form/textfield"
                                                fieldDescription="when the footer was last updated"
                                                fieldLabel="Last Updated"
                                                name="./lastUpdated"/>
                                        </items>
                                    </column>
                                </items>
                            </columns>
                        </items>
                    </properties>
                    <legallinks
                        jcr:primaryType="nt:unstructured"
                        jcr:title="Legal Links"
                        sling:resourceType="granite/ui/components/coral/foundation/container"
                        margin="{Boolean}true">
                        <items jcr:primaryType="nt:unstructured">
                            <columns
                                jcr:primaryType="nt:unstructured"
                                sling:resourceType="granite/ui/components/coral/foundation/fixedcolumns"
                                margin="{Boolean}true">
                                <items jcr:primaryType="nt:unstructured">
                                    <column
                                        jcr:primaryType="nt:unstructured"
                                        sling:resourceType="granite/ui/components/coral/foundation/container">
                                        <items jcr:primaryType="nt:unstructured">
                                            <legalLinks
                                                granite:class=""
                                                jcr:primaryType="nt:unstructured"
                                                sling:resourceType="granite/ui/components/coral/foundation/form/multifield"
                                                composite="{Boolean}true"
                                                fieldLabel="Legal Links">
                                                <field
                                                    jcr:primaryType="nt:unstructured"
                                                    jcr:title="Click to Expand"
                                                    sling:resourceType="granite/ui/components/coral/foundation/container"
                                                    name="./legalLinks">
                                                    <items jcr:primaryType="nt:unstructured">
                                                        <legallink
                                                            jcr:primaryType="nt:unstructured"
                                                            sling:resourceType="granite/ui/components/coral/foundation/form/pathfield"
                                                            fieldDescription="Legal Links"
                                                            fieldLabel="Legal Links"
                                                            name="./legalLink"
                                                            rootPath="/content">
                                                            <granite:data
                                                                jcr:primaryType="nt:unstructured"
                                                                regex="^.*(/content).*$|^.*(https://).*$"
                                                                regexText="Please select a value that should start from &quot;/content&quot; or &quot;https&quot;"/>
                                                        </legallink>
                                                        <linktext
                                                            jcr:primaryType="nt:unstructured"
                                                            sling:resourceType="granite/ui/components/coral/foundation/form/textfield"
                                                            fieldDescription="Link Text"
                                                            fieldLabel="Text"
                                                            name="./linkText"
                                                            required="{Boolean}true"/>
                                                        <selectList
                                                            jcr:primaryType="nt:unstructured"
                                                            sling:resourceType="granite/ui/components/coral/foundation/form/select"
                                                            fieldDescription="Target to open the legal link on new tab"
                                                            fieldLabel="Target"
                                                            name="./target">
                                                            <items jcr:primaryType="nt:unstructured">
                                                                <newtab
                                                                    jcr:primaryType="nt:unstructured"
                                                                    text="New Tab"
                                                                    value="_blank"/>
                                                                <sametab
                                                                    jcr:primaryType="nt:unstructured"
                                                                    text="Same Tab"
                                                                    value="_parent"/>
                                                                <newwindow
                                                                    jcr:primaryType="nt:unstructured"
                                                                    text="New Window"
                                                                    value="_top"/>
                                                            </items>
                                                        </selectList>
                                                    </items>
                                                    <layout
                                                        jcr:primaryType="nt:unstructured"
                                                        sling:resourceType="granite/ui/components/coral/foundation/layouts/collapsible"/>
                                                </field>
                                            </legalLinks>
                                        </items>
                                    </column>
                                </items>
                            </columns>
                        </items>
                    </legallinks>
                    <socialIconProperties
                        jcr:primaryType="nt:unstructured"
                        jcr:title="Social Icons"
                        sling:resourceType="granite/ui/components/coral/foundation/container"
                        margin="{Boolean}true">
                        <items jcr:primaryType="nt:unstructured">
                            <columns
                                jcr:primaryType="nt:unstructured"
                                sling:resourceType="granite/ui/components/coral/foundation/fixedcolumns"
                                margin="{Boolean}true">
                                <items jcr:primaryType="nt:unstructured">
                                    <column
                                        jcr:primaryType="nt:unstructured"
                                        sling:resourceType="granite/ui/components/coral/foundation/container">
                                        <items jcr:primaryType="nt:unstructured">
                                            <hideSocialIcons
                                                jcr:primaryType="nt:unstructured"
                                                sling:resourceType="granite/ui/components/coral/foundation/form/checkbox"
                                                fieldLabel="Hide Social Icons"
                                                name="./hideSocialIcons"
                                                required="{Boolean}false"
                                                text="Hide Social Icons"
                                                uncheckedValue="false"
                                                value="true"/>
                                            <socialIcons
                                                granite:class=""
                                                jcr:primaryType="nt:unstructured"
                                                sling:resourceType="granite/ui/components/coral/foundation/form/multifield"
                                                composite="{Boolean}true"
                                                fieldLabel="Social Icons">
                                                <field
                                                    jcr:primaryType="nt:unstructured"
                                                    jcr:title="Click to Expand"
                                                    sling:resourceType="granite/ui/components/coral/foundation/container"
                                                    name="./iconDetails">
                                                    <layout
                                                        jcr:primaryType="nt:unstructured"
                                                        sling:resourceType="granite/ui/components/coral/foundation/layouts/collapsible"/>
                                                    <items jcr:primaryType="nt:unstructured">
                                                        <icontype
                                                            jcr:primaryType="nt:unstructured"
                                                            sling:resourceType="granite/ui/components/coral/foundation/form/select"
                                                            fieldDescription="Icon Type"
                                                            fieldLabel="Icon Type"
                                                            name="./iconType"
                                                            required="{Boolean}true">
                                                            <items jcr:primaryType="nt:unstructured">
                                                                <general
                                                                    jcr:primaryType="nt:unstructured"
                                                                    text="Default"
                                                                    value="go-default-link misc-button"/>
                                                                <facebook
                                                                    jcr:primaryType="nt:unstructured"
                                                                    text="Facebook"
                                                                    value="go-icon-social-facebook go-icon-large"/>
                                                                <twitter
                                                                    jcr:primaryType="nt:unstructured"
                                                                    text="Twitter"
                                                                    value="go-icon-social-twitter go-icon-large "/>
                                                                <linkedin
                                                                    jcr:primaryType="nt:unstructured"
                                                                    text="LinkedIn"
                                                                    value="go-icon-social-linkedin go-icon-large"/>
                                                            </items>
                                                        </icontype>
                                                        <iconlink
                                                            jcr:primaryType="nt:unstructured"
                                                            sling:resourceType="granite/ui/components/coral/foundation/form/pathfield"
                                                            fieldDescription="Icon Links"
                                                            fieldLabel="Icon Links"
                                                            name="./iconLink"
                                                            rootPath="/content">
                                                            <granite:data
                                                                jcr:primaryType="nt:unstructured"
                                                                regex="^.*(/content).*$|^.*(https://).*$"
                                                                regexText="Please select a value that should start from &quot;/content&quot; or &quot;https&quot;"/>
                                                        </iconlink>
                                                        <icontext
                                                            jcr:primaryType="nt:unstructured"
                                                            sling:resourceType="granite/ui/components/coral/foundation/form/textfield"
                                                            fieldDescription="Icon Text"
                                                            fieldLabel="Icon Text"
                                                            name="./icontext">
                                                            <granite:data
                                                                jcr:primaryType="nt:unstructured"
                                                                regex="^.*(/content).*$|^.*(https://).*$"
                                                                regexText="Please select a value that should start from &quot;/content&quot; or &quot;https&quot;"/>
                                                        </icontext>
                                                        <selectList
                                                            jcr:primaryType="nt:unstructured"
                                                            sling:resourceType="granite/ui/components/coral/foundation/form/select"
                                                            fieldDescription="Target to open the legal link on new tab"
                                                            fieldLabel="Target"
                                                            name="./target">
                                                            <items jcr:primaryType="nt:unstructured">
                                                                <newtab
                                                                    jcr:primaryType="nt:unstructured"
                                                                    text="New Tab"
                                                                    value="_blank"/>
                                                                <sametab
                                                                    jcr:primaryType="nt:unstructured"
                                                                    text="Same Tab"
                                                                    value="_parent"/>
                                                                <newwindow
                                                                    jcr:primaryType="nt:unstructured"
                                                                    text="New Window"
                                                                    value="_top"/>
                                                            </items>
                                                        </selectList>
                                                    </items>
                                                </field>
                                            </socialIcons>
                                        </items>
                                    </column>
                                </items>
                            </columns>
                        </items>
                    </socialIconProperties>
                </items>
            </tabs>
        </items>
    </content>
</jcr:root>
