<?xml version="1.0" encoding="UTF-8"?>
<jcr:root xmlns:sling="http://sling.apache.org/jcr/sling/1.0" xmlns:granite="http://www.adobe.com/jcr/granite/1.0" xmlns:cq="http://www.day.com/jcr/cq/1.0" xmlns:jcr="http://www.jcp.org/jcr/1.0" xmlns:nt="http://www.jcp.org/jcr/nt/1.0"
          jcr:primaryType="nt:unstructured"
          jcr:title="Page"
          sling:resourceType="cq/gui/components/authoring/dialog"
          extraClientlibs="[cq.common.wcm,core.wcm.components.page.v2.editor,cq.wcm.msm.properties,granite.contexthub.configuration,cq.siteadmin.admin.properties]"
          helpPath="https://www.adobe.com/go/aem_cmp_page_v2"
          mode="edit"
          trackingFeature="core-components:page:v2">
  <content
    granite:class="cq-dialog-content-page"
    jcr:primaryType="nt:unstructured"
    sling:resourceType="granite/ui/components/coral/foundation/container">
    <items jcr:primaryType="nt:unstructured">
      <tabs
        granite:class="cq-siteadmin-admin-properties-tabs"
        jcr:primaryType="nt:unstructured"
        sling:resourceType="granite/ui/components/coral/foundation/tabs">
        <items jcr:primaryType="nt:unstructured">
          <basic
            jcr:primaryType="nt:unstructured"
            jcr:title="Basic"
            sling:resourceType="granite/ui/components/coral/foundation/fixedcolumns">
            <items jcr:primaryType="nt:unstructured">
              <column
                jcr:primaryType="nt:unstructured"
                sling:resourceType="granite/ui/components/coral/foundation/container">
                <items jcr:primaryType="nt:unstructured">
                  <title
                    jcr:primaryType="nt:unstructured"
                    sling:resourceType="granite/ui/components/coral/foundation/include"
                    path="humana-foundation/components/page/tabs/title/title"/>
                  <image
                    jcr:primaryType="nt:unstructured"
                    jcr:title="Image"
                    sling:resourceType="granite/ui/components/coral/foundation/form/fieldset">
                    <items jcr:primaryType="nt:unstructured">
                      <resourceImage
                        jcr:primaryType="nt:unstructured"
                        sling:resourceType="granite/ui/components/coral/foundation/form/pathfield"
                        fieldDescription="Resource Image"
                        fieldLabel="Resource Image"
                        name="./fileReference"
                        required="{Boolean}false"
                        rootPath="/content/dam"/>
                    </items>
                  </image>
                </items>
              </column>
            </items>
          </basic>
          <errorPages
            jcr:primaryType="nt:unstructured"
            sling:orderBefore="seo"
            sling:resourceType="granite/ui/components/coral/foundation/include"
            path="humana-foundation/components/page/tabs/errorpages/content"/>
          <seo
            jcr:primaryType="nt:unstructured"
            sling:orderBefore="thumbnail"
            sling:resourceType="granite/ui/components/coral/foundation/include"
            path="humana-foundation/components/page/tabs/seo/content"/>
          <coveo
            jcr:primaryType="nt:unstructured"
            sling:orderBefore="thumbnail"
            sling:resourceType="granite/ui/components/coral/foundation/include"
            path="humana-foundation/components/page/tabs/coveo/content"/>
          <parentConfigs
            jcr:primaryType="nt:unstructured"
            jcr:title="Parent Configs"
            sling:resourceType="granite/ui/components/coral/foundation/fixedcolumns">
            <items jcr:primaryType="nt:unstructured">
              <column
                jcr:primaryType="nt:unstructured"
                sling:resourceType="granite/ui/components/coral/foundation/container">
                <items jcr:primaryType="nt:unstructured">
                  <usergroup
                    jcr:primaryType="nt:unstructured"
                    jcr:title="User Group"
                    sling:resourceType="granite/ui/components/coral/foundation/form/fieldset">
                    <items jcr:primaryType="nt:unstructured">
                      <group
                        cq:showOnCreate="{Boolean}true"
                        jcr:primaryType="nt:unstructured"
                        sling:resourceType="granite/ui/components/coral/foundation/authorizable/autocomplete"
                        fieldDescription="Select the User Group"
                        fieldLabel="User Group"
                        name="./group"
                        required="{Boolean}false"
                        selector="all"/>
                    </items>
                  </usergroup>
                </items>
              </column>
            </items>
          </parentConfigs>
        </items>
      </tabs>
    </items>
  </content>
</jcr:root>
