<?xml version="1.0" encoding="UTF-8"?>
<jcr:root xmlns:sling="http://sling.apache.org/jcr/sling/1.0" xmlns:granite="http://www.adobe.com/jcr/granite/1.0" xmlns:cq="http://www.day.com/jcr/cq/1.0" xmlns:jcr="http://www.jcp.org/jcr/1.0" xmlns:nt="http://www.jcp.org/jcr/nt/1.0"
    jcr:primaryType="nt:unstructured"
    jcr:title="Nucleus Header"
    sling:resourceType="cq/gui/components/authoring/dialog"
    extraClientlibs="[core.wcm.components.carousel.v1.editor]">
    <content
        granite:class="cmp-carousel__editor"
        jcr:primaryType="nt:unstructured"
        sling:resourceType="granite/ui/components/coral/foundation/container">
        <items jcr:primaryType="nt:unstructured">
            <tabs
                jcr:primaryType="nt:unstructured"
                sling:resourceType="granite/ui/components/coral/foundation/tabs"
                maximized="{Boolean}true">
                <items jcr:primaryType="nt:unstructured">
                    <properties
                        jcr:primaryType="nt:unstructured"
                        jcr:title="Properties"
                        sling:resourceType="granite/ui/components/coral/foundation/container"
                        margin="{Boolean}true">
                        <items jcr:primaryType="nt:unstructured">
                            <autoplay
                                jcr:primaryType="nt:unstructured"
                                sling:resourceType="granite/ui/components/coral/foundation/form/checkbox"
                                checked="false"
                                fieldDescription="If checked, automatically transition between carousel slides."
                                name="./autoplay"
                                text="Automatically transition slides"
                                uncheckedValue="false"
                                value="true">
                                <granite:data
                                    jcr:primaryType="nt:unstructured"
                                    cmp-carousel-v1-dialog-hook="autoplay"/>
                            </autoplay>
                            <autoplayGroup
                                jcr:primaryType="nt:unstructured"
                                sling:resourceType="granite/ui/components/coral/foundation/well">
                                <items jcr:primaryType="nt:unstructured">
                                    <delay
                                        jcr:primaryType="nt:unstructured"
                                        sling:resourceType="granite/ui/components/coral/foundation/form/numberfield"
                                        fieldDescription="The delay (in milliseconds) before automatically transitioning to the next slide."
                                        fieldLabel="Transition Delay (milliseconds)"
                                        max="600000"
                                        min="0"
                                        name="./delay"
                                        step="100"
                                        value="5000">
                                        <granite:data
                                            jcr:primaryType="nt:unstructured"
                                            cmp-carousel-v1-dialog-hook="delay"/>
                                    </delay>
                                    <autopauseDisabled
                                        jcr:primaryType="nt:unstructured"
                                        sling:resourceType="granite/ui/components/coral/foundation/form/checkbox"
                                        checked="false"
                                        fieldDescription="If checked, automatic pause when hovering the carousel is disabled."
                                        name="./autopauseDisabled"
                                        text="Disable automatic pause on hover"
                                        uncheckedValue="false"
                                        value="true">
                                        <granite:data
                                            jcr:primaryType="nt:unstructured"
                                            cmp-carousel-v1-dialog-hook="autopauseDisabled"/>
                                    </autopauseDisabled>
                                </items>
                                <granite:data
                                    jcr:primaryType="nt:unstructured"
                                    cmp-carousel-v1-dialog-hook="autoplayGroup"/>
                            </autoplayGroup>
                            <controlsPrepended
                                jcr:primaryType="nt:unstructured"
                                sling:resourceType="granite/ui/components/coral/foundation/form/checkbox"
                                checked="{Boolean}false"
                                fieldDescription="When checked, the control elements will be placed in front of the carousel items to improve accessibility."
                                name="./controlsPrepended"
                                text="Prepend control elements"
                                uncheckedValue="false"
                                value="{Boolean}true"/>
                        </items>
                    </properties>
                    <allowedcomponents
                        jcr:primaryType="nt:unstructured"
                        jcr:title="Allowed Components"
                        sling:resourceType="granite/ui/components/coral/foundation/container"
                        margin="{Boolean}true">
                        <items jcr:primaryType="nt:unstructured">
                            <components
                                jcr:primaryType="nt:unstructured"
                                sling:resourceType="cq/gui/components/authoring/allowedcomponents"
                                name="./components"/>
                        </items>
                    </allowedcomponents>
                    <styletab
                        jcr:primaryType="nt:unstructured"
                        sling:resourceType="granite/ui/components/coral/foundation/include"
                        path="/mnt/overlay/cq/gui/components/authoring/dialog/style/tab_design/styletab"/>
                </items>
            </tabs>
        </items>
    </content>
</jcr:root>
