<?xml version="1.0" encoding="UTF-8"?>
<jcr:root xmlns:sling="http://sling.apache.org/jcr/sling/1.0" xmlns:granite="http://www.adobe.com/jcr/granite/1.0" xmlns:cq="http://www.day.com/jcr/cq/1.0" xmlns:jcr="http://www.jcp.org/jcr/1.0" xmlns:nt="http://www.jcp.org/jcr/nt/1.0"
    jcr:primaryType="nt:unstructured"
    jcr:title="Nucleus Tab"
    sling:resourceType="cq/gui/components/authoring/dialog"
    extraClientlibs="[cq.nucleusTabs.dialog]"
    helpPath="">
    <content
        granite:class="cmp-navigation__editor"
        jcr:primaryType="nt:unstructured"
        sling:resourceType="granite/ui/components/coral/foundation/container">
        <items jcr:primaryType="nt:unstructured">
            <tabs
                jcr:primaryType="nt:unstructured"
                sling:resourceType="granite/ui/components/coral/foundation/tabs"
                maximized="{Boolean}true">
                <items jcr:primaryType="nt:unstructured">
                    <propertiestab
                        jcr:primaryType="nt:unstructured"
                        jcr:title="Main Tabs"
                        sling:resourceType="granite/ui/components/coral/foundation/container"
                        margin="{Boolean}true">
                        <items jcr:primaryType="nt:unstructured">
                            <columns
                                jcr:primaryType="nt:unstructured"
                                sling:resourceType="granite/ui/components/coral/foundation/fixedcolumns"
                                margin="{Boolean}true">
                                <items jcr:primaryType="nt:unstructured">
                                    <column
                                        jcr:primaryType="nt:unstructured"
                                        sling:resourceType="granite/ui/components/coral/foundation/container">
                                        <items jcr:primaryType="nt:unstructured">
                                            <heading
                                                granite:class="coral-Heading coral-Heading--4"
                                                jcr:primaryType="nt:unstructured"
                                                sling:resourceType="granite/ui/components/coral/foundation/heading"
                                                level="{Long}4"
                                                text="Config"/>
                                            <well
                                                jcr:primaryType="nt:unstructured"
                                                sling:resourceType="granite/ui/components/coral/foundation/well">
                                                <items jcr:primaryType="nt:unstructured">
                                                    <componentID
                                                        jcr:primaryType="nt:unstructured"
                                                        sling:resourceType="granite/ui/components/coral/foundation/form/textfield"
                                                        fieldDescription="A unique hyphen-seperated name to be targeted by an anchor component or the Back To Top Footer button."
                                                        fieldLabel="Component ID"
                                                        name="./componentID"
                                                        required="{Boolean}false"/>
                                                    <functionalVariant
                                                        granite:class="cq-dialog-dropdown-showhide"
                                                        jcr:primaryType="nt:unstructured"
                                                        sling:resourceType="granite/ui/components/coral/foundation/form/select"
                                                        fieldDescription="Select the tabs functional variant."
                                                        fieldLabel="Functional Variant"
                                                        name="./functionalVariant">
                                                        <items jcr:primaryType="nt:unstructured">
                                                            <horizontal
                                                                jcr:primaryType="nt:unstructured"
                                                                text="Horizontal"
                                                                value="horizontal"/>
                                                            <segmented
                                                                jcr:primaryType="nt:unstructured"
                                                                text="Segmented"
                                                                value="segmented"/>
                                                        </items>
                                                        <granite:data
                                                            jcr:primaryType="nt:unstructured"
                                                            cq-dialog-dropdown-showhide-target=".functional-variant-showhide-target"/>
                                                    </functionalVariant>
                                                    <styleVariant
                                                        granite:class="cq-dialog-dropdown-showhide"
                                                        jcr:primaryType="nt:unstructured"
                                                        sling:resourceType="granite/ui/components/coral/foundation/form/select"
                                                        fieldDescription="Align styles with a preset theme. Page level and In Page are applicable for Horizontal variant and Basic is applicable for the Segmented variant."
                                                        fieldLabel="Style Variant"
                                                        name="./styleVariant">
                                                        <items jcr:primaryType="nt:unstructured">
                                                            <page-level
                                                                jcr:primaryType="nt:unstructured"
                                                                text="Page-Level [Horizontal]"
                                                                value="page-level"/>
                                                            <in-page
                                                                jcr:primaryType="nt:unstructured"
                                                                text="In-Page [Horizontal]"
                                                                value="in-page"/>
                                                            <basic
                                                                jcr:primaryType="nt:unstructured"
                                                                text="Basic [Segmented]"
                                                                value="basic"/>
                                                        </items>
                                                        <granite:data
                                                            jcr:primaryType="nt:unstructured"
                                                            cq-dialog-dropdown-showhide-target=".style-variant-showhide-target"/>
                                                    </styleVariant>
                                                    <styleVariantSH
                                                        granite:class="style-variant-showhide-target"
                                                        jcr:primaryType="nt:unstructured"
                                                        sling:resourceType="granite/ui/components/coral/foundation/container">
                                                        <items jcr:primaryType="nt:unstructured">
                                                            <aligntab
                                                                jcr:primaryType="nt:unstructured"
                                                                sling:resourceType="granite/ui/components/coral/foundation/form/select"
                                                                fieldDescription=""
                                                                fieldLabel="Align Tabs"
                                                                name="./alignTab"
                                                                required="{Boolean}false">
                                                                <items jcr:primaryType="nt:unstructured">
                                                                    <center
                                                                        jcr:primaryType="nt:unstructured"
                                                                        text="Center"
                                                                        value="center"/>
                                                                    <right
                                                                        jcr:primaryType="nt:unstructured"
                                                                        text="Right"
                                                                        value="right"/>
                                                                    <left
                                                                        jcr:primaryType="nt:unstructured"
                                                                        text="Left"
                                                                        value="left"/>
                                                                </items>
                                                            </aligntab>
                                                        </items>
                                                        <granite:data
                                                            jcr:primaryType="nt:unstructured"
                                                            showhidetargetvalue="basic"/>                                                                                               
                                                    </styleVariantSH>
                                                    <label
                                                        jcr:primaryType="nt:unstructured"
                                                        sling:resourceType="granite/ui/components/coral/foundation/form/textfield"
                                                        fieldDescription="A unique hyphen-seperated name to programatically differentiate multiple sets of Tabs on a page."
                                                        fieldLabel="Label"
                                                        name="./label"
                                                        required="{Boolean}false"/>
                                                    <functionalVariantSH
                                                        granite:class="functional-variant-showhide-target"
                                                        jcr:primaryType="nt:unstructured"
                                                        sling:resourceType="granite/ui/components/coral/foundation/container">
                                                        <items jcr:primaryType="nt:unstructured">
                                                            <mintabwidth
                                                                jcr:primaryType="nt:unstructured"
                                                                sling:resourceType="granite/ui/components/coral/foundation/form/numberfield"
                                                                fieldDescription="Pixel value of the narrowest a Tab can be before splitting into pagination."
                                                                fieldLabel="Min tab-width"
                                                                name="./minTabWidth"
                                                                required="{Boolean}false"/>
                                                        </items>
                                                        <granite:data
                                                        jcr:primaryType="nt:unstructured"
                                                        showhidetargetvalue="horizontal"/>                                                                                               
                                                    </functionalVariantSH>
                                                    <sticky
                                                        jcr:primaryType="nt:unstructured"
                                                        sling:resourceType="granite/ui/components/coral/foundation/form/checkbox"
                                                        fieldDescription="Boolean determining if a Tablist should always be sticky."
                                                        name="./isSticky"
                                                        required="{Boolean}false"
                                                        text="Sticky"
                                                        uncheckedValue="false"
                                                        value="true"/>
                                                    <sticky-on-small
                                                        jcr:primaryType="nt:unstructured"
                                                        sling:resourceType="granite/ui/components/coral/foundation/form/checkbox"
                                                        fieldDescription="Uncheck to turn off sticky for mobile devices."
                                                        name="./stickyOnSmall"
                                                        required="{Boolean}false"
                                                        text="Sticky On Small"
                                                        uncheckedValue="false"
                                                        value="true"/>
                                                    <tabsmultifield
                                                        granite:class=""
                                                        jcr:primaryType="nt:unstructured"
                                                        sling:resourceType="granite/ui/components/coral/foundation/form/multifield"
                                                        composite="{Boolean}true"
                                                        fieldLabel="Tabs">
                                                        <field
                                                            jcr:primaryType="nt:unstructured"
                                                            jcr:title="Click to Expand"
                                                            granite:class="tab-heading-click-to-expand"
                                                            sling:resourceType="granite/ui/components/foundation/container"
                                                            name="./tabContents">
                                                            <items jcr:primaryType="nt:unstructured">
                                                                <iconList
                                                                    jcr:primaryType="nt:unstructured"
                                                                    sling:resourceType="granite/ui/components/coral/foundation/form/select"
                                                                    emptyOption="{Boolean}true"
                                                                    fieldDescription="Select the icon family and icon name &lt;Glyph>. Use ctrl + F to search a particular icon. For more details  https://nucleus.apps.external.pioneer.humana.com/?path=/story/icon-library-library--active"
                                                                    fieldLabel="Icon Family / Icon Name"
                                                                    name="./icon">
                                                                    <datasource
                                                                        jcr:primaryType="nt:unstructured"
                                                                        sling:resourceType="aem/foundation/globalReferences/dynamicIconValues"/>
                                                                </iconList>
                                                                <heading
                                                                    jcr:primaryType="nt:unstructured"
                                                                    sling:resourceType="granite/ui/components/coral/foundation/form/textfield"
                                                                    fieldDescription="Provide the Tab Heading."
                                                                    fieldLabel="Tab Heading"
                                                                    granite:class="tab-heading-text"
                                                                    name="tabHeading"/>
                                                                <tabdesc
                                                                    jcr:primaryType="nt:unstructured"
                                                                    sling:resourceType="cq/gui/components/authoring/dialog/richtext"
                                                                    fieldDescription="Provide text description text for the tab."
                                                                    fieldLabel="Tab Content"
                                                                    name="tabDesc"
                                                                    required="{Boolean}false"
                                                                    useFixedInlineToolbar="{Boolean}true">
                                                                    <rtePlugins jcr:primaryType="nt:unstructured">
                                                                        <format
                                                                            jcr:primaryType="nt:unstructured"
                                                                            features="bold,italic"/>
                                                                        <justify
                                                                            jcr:primaryType="nt:unstructured"
                                                                            features="*"/>
                                                                        <links
                                                                            jcr:primaryType="nt:unstructured"
                                                                            features="*"/>
                                                                        <lists
                                                                            jcr:primaryType="nt:unstructured"
                                                                            features="*"/>
                                                                        <misctools
                                                                            jcr:primaryType="nt:unstructured"
                                                                            features="*">
                                                                            <specialCharsConfig jcr:primaryType="nt:unstructured">
                                                                                <chars jcr:primaryType="nt:unstructured">
                                                                                    <default_copyright
                                                                                        jcr:primaryType="nt:unstructured"
                                                                                        entity="&amp;copy;"
                                                                                        name="copyright"/>
                                                                                    <default_euro
                                                                                        jcr:primaryType="nt:unstructured"
                                                                                        entity="&amp;euro;"
                                                                                        name="euro"/>
                                                                                    <default_registered
                                                                                        jcr:primaryType="nt:unstructured"
                                                                                        entity="&amp;reg;"
                                                                                        name="registered"/>
                                                                                    <default_trademark
                                                                                        jcr:primaryType="nt:unstructured"
                                                                                        entity="&amp;trade;"
                                                                                        name="trademark"/>
                                                                                </chars>
                                                                            </specialCharsConfig>
                                                                        </misctools>
                                                                        <paraformat
                                                                            jcr:primaryType="nt:unstructured"
                                                                            features="*">
                                                                            <formats jcr:primaryType="nt:unstructured">
                                                                                <default_p
                                                                                    jcr:primaryType="nt:unstructured"
                                                                                    description="Paragraph"
                                                                                    tag="p"/>
                                                                                <default_h1
                                                                                    jcr:primaryType="nt:unstructured"
                                                                                    description="Heading 1"
                                                                                    tag="h1"/>
                                                                                <default_h2
                                                                                    jcr:primaryType="nt:unstructured"
                                                                                    description="Heading 2"
                                                                                    tag="h2"/>
                                                                                <default_h3
                                                                                    jcr:primaryType="nt:unstructured"
                                                                                    description="Heading 3"
                                                                                    tag="h3"/>
                                                                                <default_h4
                                                                                    jcr:primaryType="nt:unstructured"
                                                                                    description="Heading 4"
                                                                                    tag="h4"/>
                                                                                <default_h5
                                                                                    jcr:primaryType="nt:unstructured"
                                                                                    description="Heading 5"
                                                                                    tag="h5"/>
                                                                                <default_h6
                                                                                    jcr:primaryType="nt:unstructured"
                                                                                    description="Heading 6"
                                                                                    tag="h6"/>
                                                                                <default_blockquote
                                                                                    jcr:primaryType="nt:unstructured"
                                                                                    description="Quote"
                                                                                    tag="blockquote"/>
                                                                                <default_pre
                                                                                    jcr:primaryType="nt:unstructured"
                                                                                    description="Preformatted"
                                                                                    tag="pre"/>
                                                                            </formats>
                                                                        </paraformat>
                                                                        <table
                                                                            jcr:primaryType="nt:unstructured"
                                                                            features="-">
                                                                            <hiddenHeaderConfig
                                                                                jcr:primaryType="nt:unstructured"
                                                                                hiddenHeaderClassName="cq-wcm-foundation-aria-visuallyhidden"
                                                                                hiddenHeaderEditingCSS="cq-RichText-hiddenHeader--editing"/>
                                                                        </table>
                                                                        <tracklinks
                                                                            jcr:primaryType="nt:unstructured"
                                                                            features="*"/>
                                                                        <styles
                                                                            jcr:primaryType="nt:unstructured"
                                                                            features="*">
                                                                            <styles jcr:primaryType="cq:WidgetCollection">
                                                                                <style1
                                                                                    jcr:primaryType="nt:unstructured"
                                                                                    cssName="humanafont-regular-12px"
                                                                                    text="humanafont-regular-12px"/>
                                                                                <style2
                                                                                    jcr:primaryType="nt:unstructured"
                                                                                    cssName="humanafont-regular-16px"
                                                                                    text="humanafont-regular-16px"/>
                                                                            </styles>
                                                                        </styles>
                                                                        <subsuperscript
                                                                            jcr:primaryType="nt:unstructured"
                                                                            features="*"/>
                                                                    </rtePlugins>
                                                                    <uiSettings jcr:primaryType="nt:unstructured">
                                                                        <cui jcr:primaryType="nt:unstructured">
                                                                            <inline
                                                                                jcr:primaryType="nt:unstructured"
                                                                                toolbar="[format#bold,format#italic,format#underline,#justify,#lists,links#modifylink,links#unlink,#paraformat,subsuperscript#subscript,subsuperscript#superscript,#styles,misctools#sourceedit]">
                                                                                <popovers jcr:primaryType="nt:unstructured">
                                                                                    <justify
                                                                                        jcr:primaryType="nt:unstructured"
                                                                                        items="[justify#justifyleft,justify#justifycenter,justify#justifyright]"
                                                                                        ref="justify"/>
                                                                                    <lists
                                                                                        jcr:primaryType="nt:unstructured"
                                                                                        items="[lists#unordered,lists#ordered,lists#outdent,lists#indent]"
                                                                                        ref="lists"/>
                                                                                    <paraformat
                                                                                        jcr:primaryType="nt:unstructured"
                                                                                        items="paraformat:getFormats:paraformat-pulldown"
                                                                                        ref="paraformat"/>
                                                                                    <styles
                                                                                        jcr:primaryType="nt:unstructured"
                                                                                        items="styles:getStyles:styles-pulldown"
                                                                                        ref="styles"/>
                                                                                </popovers>
                                                                            </inline>
                                                                            <dialogFullScreen
                                                                                jcr:primaryType="nt:unstructured"
                                                                                toolbar="[format#bold,format#italic,format#underline,justify#justifyleft,justify#justifycenter,justify#justifyright,lists#unordered,lists#ordered,lists#outdent,lists#indent,links#modifylink,links#unlink,table#createoredit,#paraformat,image#imageProps,subsuperscript#superscript,subsuperscript#subscript,#styles]">
                                                                                <popovers jcr:primaryType="nt:unstructured">
                                                                                    <paraformat
                                                                                        jcr:primaryType="nt:unstructured"
                                                                                        items="paraformat:getFormats:paraformat-pulldown"
                                                                                        ref="paraformat"/>
                                                                                    <styles
                                                                                        jcr:primaryType="nt:unstructured"
                                                                                        items="styles:getStyles:styles-pulldown"
                                                                                        ref="styles"/>
                                                                                </popovers>
                                                                            </dialogFullScreen>
                                                                            <tableEditOptions
                                                                                jcr:primaryType="nt:unstructured"
                                                                                toolbar="[table#insertcolumn-before,table#insertcolumn-after,table#removecolumn,-,table#insertrow-before,table#insertrow-after,table#removerow,-,table#mergecells-right,table#mergecells-down,table#mergecells,table#splitcell-horizontal,table#splitcell-vertical,-,table#selectrow,table#selectcolumn,-,table#ensureparagraph,-,table#modifytableandcell,table#removetable,-,undo#undo,undo#redo,-,table#exitTableEditing,-]"/>
                                                                        </cui>
                                                                    </uiSettings>
                                                                </tabdesc>
                                                                <expanded
                                                                    jcr:primaryType="nt:unstructured"
                                                                    sling:resourceType="granite/ui/components/coral/foundation/form/checkbox"
                                                                    fieldDescription="Boolean determining if a Tabpanel should be open by default. If set on multiple Tabs, the last one will be picked."
                                                                    name="isExpanded"
                                                                    required="{Boolean}false"
                                                                    text="Expand First"
                                                                    value="true"/>
                                                                <insertnestedtab
                                                                    jcr:primaryType="nt:unstructured"
                                                                    sling:resourceType="granite/ui/components/coral/foundation/form/checkbox"
                                                                    fieldDescription="Boolean determining if a Tabpanel should be open by default. If set on multiple Tabs, the last one will be picked."
                                                                    name="./insertNestedTab"
                                                                    required="{Boolean}false"
                                                                    text="Nest a Tab Component"
                                                                    value="true"/>
                                                                <mappingid
                                                                    jcr:primaryType="nt:unstructured"
                                                                    sling:resourceType="granite/ui/components/coral/foundation/form/textfield"
                                                                    fieldDescription="Provide a unique name to label this nested Tab Component."
                                                                    fieldLabel="Nested Tab Component's ID"
                                                                    name="./mappingId"
                                                                    granite:class="main-tab-text"
                                                                    required="{Boolean}false"/>
                                                            </items>
                                                            <layout
                                                                jcr:primaryType="nt:unstructured"
                                                                sling:resourceType="granite/ui/components/foundation/layouts/collapsible"/>
                                                        </field>
                                                    </tabsmultifield>
                                                </items>
                                            </well>
                                        </items>
                                    </column>
                                </items>
                            </columns>
                        </items>
                    </propertiestab>
                    <nestedtabconfig
                        jcr:primaryType="nt:unstructured"
                        jcr:title="Nested Tabs"
                        sling:resourceType="granite/ui/components/coral/foundation/container"
                        margin="{Boolean}true">
                        <items jcr:primaryType="nt:unstructured">
                            <columns
                                jcr:primaryType="nt:unstructured"
                                sling:resourceType="granite/ui/components/coral/foundation/fixedcolumns"
                                margin="{Boolean}true">
                                <items jcr:primaryType="nt:unstructured">
                                    <column
                                        granite:class="main-nav-big"
                                        jcr:primaryType="nt:unstructured"
                                        sling:resourceType="granite/ui/components/coral/foundation/container">
                                        <items jcr:primaryType="nt:unstructured">
                                            <heading
                                                granite:class="coral-Heading coral-Heading--4"
                                                jcr:primaryType="nt:unstructured"
                                                sling:resourceType="granite/ui/components/coral/foundation/heading"
                                                level="{Long}4"
                                                text="Nested Nucleus Tab Components"/>
                                            <tabconfigs
                                                granite:class=""
                                                jcr:primaryType="nt:unstructured"
                                                sling:resourceType="granite/ui/components/coral/foundation/form/multifield"
                                                composite="{Boolean}true">
                                                <field
                                                    jcr:primaryType="nt:unstructured"
                                                    jcr:title="Click to Expand"
                                                    granite:class="tab-heading-click-to-expand"
                                                    sling:resourceType="granite/ui/components/foundation/container"
                                                    name="./nestedTabContents">
                                                    <items jcr:primaryType="nt:unstructured">
                                                        <heading
                                                            granite:class="coral-Heading coral-Heading--4"
                                                            jcr:primaryType="nt:unstructured"
                                                            sling:resourceType="granite/ui/components/coral/foundation/heading"
                                                            level="{Long}4"
                                                            text="Config"/>
                                                        <well
                                                            jcr:primaryType="nt:unstructured"
                                                            sling:resourceType="granite/ui/components/coral/foundation/well">
                                                            <items jcr:primaryType="nt:unstructured">
                                                                <mappingid
                                                                    jcr:primaryType="nt:unstructured"
                                                                    sling:resourceType="granite/ui/components/coral/foundation/form/textfield"
                                                                    fieldDescription="Supply your existing Nested Tab ID and it will appear within this tab."
                                                                    fieldLabel="Mapping ID"
                                                                    granite:class="tab-heading-text"
                                                                    name="mappingId"
                                                                    required="{Boolean}false"/>
                                                                <functionalVariant
                                                                    granite:class="cq-dialog-dropdown-showhide"
                                                                    jcr:primaryType="nt:unstructured"
                                                                    sling:resourceType="granite/ui/components/coral/foundation/form/select"
                                                                    fieldDescription="Select the tabs functional variant."
                                                                    fieldLabel="Functional Variant"
                                                                    name="functionalVariant">
                                                                    <items jcr:primaryType="nt:unstructured">
                                                                        <horizontal
                                                                            jcr:primaryType="nt:unstructured"
                                                                            text="Horizontal"
                                                                            value="horizontal"/>
                                                                        <segmented
                                                                            jcr:primaryType="nt:unstructured"
                                                                            text="Segmented"
                                                                            value="segmented"/>
                                                                    </items>
                                                                    <granite:data
                                                                        jcr:primaryType="nt:unstructured"
                                                                        cq-dialog-dropdown-showhide-target=".functional-variant-showhide-target"/>
                                                                </functionalVariant>
                                                                <styleVariant
                                                                    granite:class="cq-dialog-dropdown-showhide"
                                                                    jcr:primaryType="nt:unstructured"
                                                                    sling:resourceType="granite/ui/components/coral/foundation/form/select"
                                                                    fieldDescription="Align styles with a preset theme. Page level and In Page are applicable for Horizontal variant and Basic is applicable for the Segmented variant."
                                                                    fieldLabel="Style Variant"
                                                                    name="styleVariant">
                                                                    <items jcr:primaryType="nt:unstructured">
                                                                        <page-level
                                                                            jcr:primaryType="nt:unstructured"
                                                                            text="Page-Level [Horizontal]"
                                                                            value="page-level"/>
                                                                        <in-page
                                                                            jcr:primaryType="nt:unstructured"
                                                                            text="In-Page [Horizontal]"
                                                                            value="in-page"/>
                                                                        <basic
                                                                            jcr:primaryType="nt:unstructured"
                                                                            text="Basic [Segmented]"
                                                                            value="basic"/>
                                                                    </items>
                                                                    <granite:data
                                                                        jcr:primaryType="nt:unstructured"
                                                                        cq-dialog-dropdown-showhide-target=".style-variant-showhide-target"/>
                                                                </styleVariant>
                                                                <styleVariantSH
                                                                    granite:class="style-variant-showhide-target"
                                                                    jcr:primaryType="nt:unstructured"
                                                                    sling:resourceType="granite/ui/components/coral/foundation/container">
                                                                    <items jcr:primaryType="nt:unstructured">
                                                                        <aligntab
                                                                            jcr:primaryType="nt:unstructured"
                                                                            sling:resourceType="granite/ui/components/coral/foundation/form/select"
                                                                            fieldDescription="Position Segmented tabs."
                                                                            fieldLabel="Align Tabs"
                                                                            name="alignTab"
                                                                            required="{Boolean}false">
                                                                            <items jcr:primaryType="nt:unstructured">
                                                                                <center
                                                                                    jcr:primaryType="nt:unstructured"
                                                                                    text="Center"
                                                                                    value="center"/>
                                                                                <right
                                                                                    jcr:primaryType="nt:unstructured"
                                                                                    text="Right"
                                                                                    value="right"/>
                                                                                <left
                                                                                    jcr:primaryType="nt:unstructured"
                                                                                    text="Left"
                                                                                    value="left"/>
                                                                            </items>
                                                                        </aligntab>
                                                                    </items>
                                                                    <granite:data
                                                                        jcr:primaryType="nt:unstructured"
                                                                        showhidetargetvalue="basic"/>                                                                                               
                                                                </styleVariantSH>
                                                                <label
                                                                    jcr:primaryType="nt:unstructured"
                                                                    sling:resourceType="granite/ui/components/coral/foundation/form/textfield"
                                                                    fieldDescription="A unique name to programatically differentiate multiple sets of Tab components within the parent."
                                                                    fieldLabel="Label"
                                                                    name="label"
                                                                    required="{Boolean}false"/>
                                                                <functionalVariantSH
                                                                    granite:class="functional-variant-showhide-target"
                                                                    jcr:primaryType="nt:unstructured"
                                                                    sling:resourceType="granite/ui/components/coral/foundation/container">
                                                                    <items jcr:primaryType="nt:unstructured">
                                                                        <mintabwidth
                                                                            jcr:primaryType="nt:unstructured"
                                                                            sling:resourceType="granite/ui/components/coral/foundation/form/numberfield"
                                                                            fieldDescription="Pixel value of the narrowest a Tab can be before splitting into pagination. Default is 150."
                                                                            fieldLabel="Min tab-width"
                                                                            name="minTabWidth"
                                                                            required="{Boolean}false"/>
                                                                    </items>
                                                                    <granite:data
                                                                    jcr:primaryType="nt:unstructured"
                                                                    showhidetargetvalue="horizontal"/>                                                                                               
                                                                </functionalVariantSH>
                                                                <sticky
                                                                    jcr:primaryType="nt:unstructured"
                                                                    sling:resourceType="granite/ui/components/coral/foundation/form/checkbox"
                                                                    fieldDescription="Boolean determining if a Tablist should always be sticky."
                                                                    name="isSticky"
                                                                    required="{Boolean}false"
                                                                    text="Sticky"
                                                                    uncheckedValue="false"
                                                                    value="true"/>
                                                                <sticky-on-small
                                                                    jcr:primaryType="nt:unstructured"
                                                                    sling:resourceType="granite/ui/components/coral/foundation/form/checkbox"
                                                                    fieldDescription="Uncheck to turn off sticky for mobile devices."
                                                                    name="stickyOnSmall"
                                                                    required="{Boolean}false"
                                                                    text="Sticky in Mobiles"
                                                                    uncheckedValue="false"
                                                                    value="true"/>
                                                                <subcontent
                                                                    granite:class=""
                                                                    jcr:primaryType="nt:unstructured"
                                                                    sling:resourceType="granite/ui/components/coral/foundation/form/multifield"
                                                                    composite="{Boolean}true"
                                                                    fieldLabel="Tabs">
                                                                    <field
                                                                        granite:class="sublink-click-to-expand"
                                                                        jcr:primaryType="nt:unstructured"
                                                                        jcr:title="Click to Expand"
                                                                        sling:resourceType="granite/ui/components/foundation/container"
                                                                        name="./nestedTabSubContent">
                                                                        <layout
                                                                            jcr:primaryType="nt:unstructured"
                                                                            sling:resourceType="granite/ui/components/foundation/layouts/collapsible"/>
                                                                        <items jcr:primaryType="nt:unstructured">
                                                                            <iconList
                                                                                jcr:primaryType="nt:unstructured"
                                                                                sling:resourceType="granite/ui/components/coral/foundation/form/select"
                                                                                emptyOption="{Boolean}true"
                                                                                fieldDescription="Select the icon family and icon name &lt;Glyph>. Use ctrl + F to search a particular icon. For more details  https://nucleus.apps.external.pioneer.humana.com/?path=/story/icon-library-library--active"
                                                                                fieldLabel="Icon Family / Icon Name"
                                                                                name="icon">
                                                                                <datasource
                                                                                    jcr:primaryType="nt:unstructured"
                                                                                    sling:resourceType="aem/foundation/globalReferences/dynamicIconValues"/>
                                                                            </iconList>
                                                                            <heading
                                                                                jcr:primaryType="nt:unstructured"
                                                                                sling:resourceType="granite/ui/components/coral/foundation/form/textfield"
                                                                                fieldDescription="Provide the Tab Heading."
                                                                                fieldLabel="Tab Heading"
                                                                                granite:class="sublink-text"
                                                                                name="tabHeading"/>
                                                                            <tabdesc
                                                                                jcr:primaryType="nt:unstructured"
                                                                                sling:resourceType="cq/gui/components/authoring/dialog/richtext"
                                                                                fieldDescription="Provide text description text for the tab."
                                                                                fieldLabel="Tab Content"
                                                                                name="tabDesc"
                                                                                required="{Boolean}false"
                                                                                useFixedInlineToolbar="{Boolean}true">
                                                                                <rtePlugins jcr:primaryType="nt:unstructured">
                                                                                    <format
                                                                                        jcr:primaryType="nt:unstructured"
                                                                                        features="bold,italic"/>
                                                                                    <justify
                                                                                        jcr:primaryType="nt:unstructured"
                                                                                        features="*"/>
                                                                                    <links
                                                                                        jcr:primaryType="nt:unstructured"
                                                                                        features="*"/>
                                                                                    <lists
                                                                                        jcr:primaryType="nt:unstructured"
                                                                                        features="*"/>
                                                                                    <misctools
                                                                                        jcr:primaryType="nt:unstructured"
                                                                                        features="*">
                                                                                        <specialCharsConfig jcr:primaryType="nt:unstructured">
                                                                                            <chars jcr:primaryType="nt:unstructured">
                                                                                                <default_copyright
                                                                                                    jcr:primaryType="nt:unstructured"
                                                                                                    entity="&amp;copy;"
                                                                                                    name="copyright"/>
                                                                                                <default_euro
                                                                                                    jcr:primaryType="nt:unstructured"
                                                                                                    entity="&amp;euro;"
                                                                                                    name="euro"/>
                                                                                                <default_registered
                                                                                                    jcr:primaryType="nt:unstructured"
                                                                                                    entity="&amp;reg;"
                                                                                                    name="registered"/>
                                                                                                <default_trademark
                                                                                                    jcr:primaryType="nt:unstructured"
                                                                                                    entity="&amp;trade;"
                                                                                                    name="trademark"/>
                                                                                            </chars>
                                                                                        </specialCharsConfig>
                                                                                    </misctools>
                                                                                    <paraformat
                                                                                        jcr:primaryType="nt:unstructured"
                                                                                        features="*">
                                                                                        <formats jcr:primaryType="nt:unstructured">
                                                                                            <default_p
                                                                                                jcr:primaryType="nt:unstructured"
                                                                                                description="Paragraph"
                                                                                                tag="p"/>
                                                                                            <default_h1
                                                                                                jcr:primaryType="nt:unstructured"
                                                                                                description="Heading 1"
                                                                                                tag="h1"/>
                                                                                            <default_h2
                                                                                                jcr:primaryType="nt:unstructured"
                                                                                                description="Heading 2"
                                                                                                tag="h2"/>
                                                                                            <default_h3
                                                                                                jcr:primaryType="nt:unstructured"
                                                                                                description="Heading 3"
                                                                                                tag="h3"/>
                                                                                            <default_h4
                                                                                                jcr:primaryType="nt:unstructured"
                                                                                                description="Heading 4"
                                                                                                tag="h4"/>
                                                                                            <default_h5
                                                                                                jcr:primaryType="nt:unstructured"
                                                                                                description="Heading 5"
                                                                                                tag="h5"/>
                                                                                            <default_h6
                                                                                                jcr:primaryType="nt:unstructured"
                                                                                                description="Heading 6"
                                                                                                tag="h6"/>
                                                                                            <default_blockquote
                                                                                                jcr:primaryType="nt:unstructured"
                                                                                                description="Quote"
                                                                                                tag="blockquote"/>
                                                                                            <default_pre
                                                                                                jcr:primaryType="nt:unstructured"
                                                                                                description="Preformatted"
                                                                                                tag="pre"/>
                                                                                        </formats>
                                                                                    </paraformat>
                                                                                    <table
                                                                                        jcr:primaryType="nt:unstructured"
                                                                                        features="-">
                                                                                        <hiddenHeaderConfig
                                                                                            jcr:primaryType="nt:unstructured"
                                                                                            hiddenHeaderClassName="cq-wcm-foundation-aria-visuallyhidden"
                                                                                            hiddenHeaderEditingCSS="cq-RichText-hiddenHeader--editing"/>
                                                                                    </table>
                                                                                    <tracklinks
                                                                                        jcr:primaryType="nt:unstructured"
                                                                                        features="*"/>
                                                                                    <styles
                                                                                        jcr:primaryType="nt:unstructured"
                                                                                        features="*">
                                                                                        <styles jcr:primaryType="cq:WidgetCollection">
                                                                                            <style1
                                                                                                jcr:primaryType="nt:unstructured"
                                                                                                cssName="humanafont-regular-12px"
                                                                                                text="humanafont-regular-12px"/>
                                                                                            <style2
                                                                                                jcr:primaryType="nt:unstructured"
                                                                                                cssName="humanafont-regular-16px"
                                                                                                text="humanafont-regular-16px"/>
                                                                                        </styles>
                                                                                    </styles>
                                                                                    <subsuperscript
                                                                                        jcr:primaryType="nt:unstructured"
                                                                                        features="*"/>
                                                                                </rtePlugins>
                                                                                <uiSettings jcr:primaryType="nt:unstructured">
                                                                                    <cui jcr:primaryType="nt:unstructured">
                                                                                        <inline
                                                                                            jcr:primaryType="nt:unstructured"
                                                                                            toolbar="[format#bold,format#italic,format#underline,#justify,#lists,links#modifylink,links#unlink,#paraformat,subsuperscript#subscript,subsuperscript#superscript,#styles,misctools#sourceedit]">
                                                                                            <popovers jcr:primaryType="nt:unstructured">
                                                                                                <justify
                                                                                                    jcr:primaryType="nt:unstructured"
                                                                                                    items="[justify#justifyleft,justify#justifycenter,justify#justifyright]"
                                                                                                    ref="justify"/>
                                                                                                <lists
                                                                                                    jcr:primaryType="nt:unstructured"
                                                                                                    items="[lists#unordered,lists#ordered,lists#outdent,lists#indent]"
                                                                                                    ref="lists"/>
                                                                                                <paraformat
                                                                                                    jcr:primaryType="nt:unstructured"
                                                                                                    items="paraformat:getFormats:paraformat-pulldown"
                                                                                                    ref="paraformat"/>
                                                                                                <styles
                                                                                                    jcr:primaryType="nt:unstructured"
                                                                                                    items="styles:getStyles:styles-pulldown"
                                                                                                    ref="styles"/>
                                                                                            </popovers>
                                                                                        </inline>
                                                                                        <dialogFullScreen
                                                                                            jcr:primaryType="nt:unstructured"
                                                                                            toolbar="[format#bold,format#italic,format#underline,justify#justifyleft,justify#justifycenter,justify#justifyright,lists#unordered,lists#ordered,lists#outdent,lists#indent,links#modifylink,links#unlink,table#createoredit,#paraformat,image#imageProps,subsuperscript#superscript,subsuperscript#subscript,#styles]">
                                                                                            <popovers jcr:primaryType="nt:unstructured">
                                                                                                <paraformat
                                                                                                    jcr:primaryType="nt:unstructured"
                                                                                                    items="paraformat:getFormats:paraformat-pulldown"
                                                                                                    ref="paraformat"/>
                                                                                                <styles
                                                                                                    jcr:primaryType="nt:unstructured"
                                                                                                    items="styles:getStyles:styles-pulldown"
                                                                                                    ref="styles"/>
                                                                                            </popovers>
                                                                                        </dialogFullScreen>
                                                                                        <tableEditOptions
                                                                                            jcr:primaryType="nt:unstructured"
                                                                                            toolbar="[table#insertcolumn-before,table#insertcolumn-after,table#removecolumn,-,table#insertrow-before,table#insertrow-after,table#removerow,-,table#mergecells-right,table#mergecells-down,table#mergecells,table#splitcell-horizontal,table#splitcell-vertical,-,table#selectrow,table#selectcolumn,-,table#ensureparagraph,-,table#modifytableandcell,table#removetable,-,undo#undo,undo#redo,-,table#exitTableEditing,-]"/>
                                                                                    </cui>
                                                                                </uiSettings>
                                                                            </tabdesc>
                                                                            <expanded
                                                                                jcr:primaryType="nt:unstructured"
                                                                                sling:resourceType="granite/ui/components/coral/foundation/form/checkbox"
                                                                                fieldDescription="Boolean determining if a Tabpanel should be open by default. If set on multiple Tabs, the last one will be picked."
                                                                                name="isExpanded"
                                                                                required="{Boolean}false"
                                                                                text="Expand First"
                                                                                value="true"/>
                                                                        </items>
                                                                    </field>
                                                                </subcontent>
                                                            </items>
                                                        </well>
                                                    </items>
                                                    <layout
                                                        jcr:primaryType="nt:unstructured"
                                                        sling:resourceType="granite/ui/components/foundation/layouts/collapsible"/>
                                                </field>
                                            </tabconfigs>
                                        </items>
                                    </column>
                                </items>
                            </columns>
                        </items>
                    </nestedtabconfig>
                </items>
            </tabs>
        </items>
    </content>
</jcr:root>
