{"active":["archer","archery-target","archery","baseball-bat","baseball-pitch","baseball-player","baseball","basketball-board","basketball-player","basketball","bowler","bowling-ball","cleats","cross-country-skier","cyclist","exercising","fencing","flag-2","flag-3","flag","football-helmet","football","golf-ball","golf","golfer-putt","golfer-swing","gymnist","hockey-player","hurdling","ice-hockey-player","ice-hockey","ice-skater","jogger","kickboxer","martial-arts","medal-2","medal","pilates","pin-bowl","pins","podium","ribbon","roller-blading","rugby-player","runner","scale","skateboarder","skier","skipping-rope","sneaker-walking","sneaker","soccer-ball","soccer-player","sprint-cycling","sprinting","star-jumps","stretching","surfer","swimmer","target","tennis-ball","tennis-player","tennis","trophy-star","trophy","volleyball-player","walking","water-volleyball-player","weight-lifter","weights","whistle","yoga-meditate","yoga"],"arrows":["converge","diagonal-2","diagonal","forward","horizontal-2-opposite","horizontal-2","horizontal","in-2","intersecting-perpendicular","out-2","out","redo","reverse","rotate-1-reset","rotate-2-sync","rotate-3","rotate","round-out","split-2"],"business":["bar-chart","board-bar","board-chart-up","board-pie","briefcase","chart-down","chart-up","column-graph-decrease","column-graph-increase","column-graph","government-building","headset","node-bar-graph","pen-sign","pie-chart-2","pie-chart","presenter-audience","presenter-graph","presenter-point","satchel","structure"],"characters":["dollar-sign","minus","number-0","number-0_solid","number-1","number-1_solid","number-2","number-2_solid","number-3","number-3_solid","number-4","number-4_solid","number-5","number-5_solid","number-6","number-6_solid","number-7","number-7_solid","number-8","number-8_solid","number-9","number-9_solid","plus"],"chat":["q-a","rectangle-bubble-conversation","rectangle-bubble-reply","rectangle-bubble","round-bubble-conversation","round-bubble"],"clothes":["flip-flops","sun-hat","t-shirt-sport","t-shirt-v-neck","t-shirt","tank-top-sport","tank-top"],"devices":["desktop-dollar","desktop-edit","desktop-plus","desktop-pointer","desktop-settings","desktop-upload","desktop-wifi","desktop","laptop-2","laptop-charts","laptop-play","laptop-wifi","laptop","mobile-2","mobile-chat","mobile-computer-2","mobile-computer","mobile-dollar","mobile-rotate","mobile-wifi","mobile","play-devices","tablet","watch-wifi"],"documents":["binders","book-love","book","certificate","check-list","clipboard","contract","copy","document-attach","document-check-mark","document-delete","document-download","document-edit-2","document-edit","document-heart","document-locked","document-pill","document-plus","document-question","document-receive","document-search","document-send","document-user","document-warning","document-x","document","documents","file-box","file","filing","folder-2","folder-heart","folder-locked","folder-pill","folder","newspaper","notebook-check-mark","notebook","notepad","personal-certificate","price-list","resume-2","resume-application","resume","rolodex","scroll"],"email":["at","email-attachment","email-calendar","email-image","email-secure","email","mail","opened-mail-document","opened-mail-email","opened-mail","plane-sent","reply-all-email","reply-email","send-email-2","send-email"],"emoticons":["angry","baby","big-eyes","calm","cap","cheeky","cheery","chortle","clever","crying","frightened","glasses","ill","laugh","love","nurse","old","sad","scream","sleep","stunned","wink"],"entertainment":["clapper","film","ipod","piano","radio-mic-off","radio-mic","ticket","tv-old","tv","video-camera-old","video-camera"],"food":["apple-bite","apple-cut","apple","avocado-cut","banana-peeled","banana","brocolli","cabbage","cake-birthday","cake","carrot","cheese","corn","cup-coffee","cup-tea-2","cup-tea","fish","fizzy-bottle","fizzy-glass","iced-doughnut","jug","muffin","orange-cut","roast-chicken","straw-lemon","strawberry","takeaway-coffee-cup","turnip","watermellon-cut","watermellon-slice","wine-glass"],"health":["app-go365","app-humana-pharmacy","app-myhumana","app-rx-mentor","blood-drop","brain","crutch","dental-vision","drug-pricing","ear","eye","foot","giving","glasses","glucose-meter","heart-hands","heart-monitor","heart-plus","heart-rate-2","heart-rate","heart-rotate","hospital","humana-pharmacy","humana-specialty-pharmacy","iv-bag","kidney","kneejoint","lungs","medical-cross","medical-kit","no-smoking","nose","otc-medicine","pill","pills","pregnancy","prescription-bottle","ribbon","rx-box","rx-mentor","rx","stethoscope","stomach","tooth","wheelchair","zzz-sleep"],"household":["bed-double","bed-single","dispenser","dispensers","dolly","hammer-screwdriver-2","knife-fork-plate","light-bulb-2","light-bulb-on","light-bulb","mailbox","measuring-cup","phone-push-button","phone-ringing","phone","plant","toolbox","wrench"],"illustrations":["ambulance","apple","bottle","bus","cake","calendar","car-seat","card","chat-plus","chat-star","checklist","clapperboard","clipboard-checklist","clipboard","clock","cupcake","docs-stacked","ear","eye","gift-card","glasses","government","headset","heart-chat","heart-circle","heart-heart","heart-house","heart-house2","heart-plus","hospital","house","inhaler","locator","magnifying-glass","mail","mask","medal","medical-kit","medicine-bottle","mental-health","mobile","money","monitor-arrow","monitor-smartphone","notepad","paper-airplane","pen","pentagon","phone","pill-multiple","pill","present","rx-bag","rx-green-dark","rx2-green-dark","rx3-green-dark","shoe","smartphone","soap","stethoscope","stroller","tablet-smartphone-plus","tooth","toothbrush","vision-green-dark","wallet"],"location":["arrow","binoculars","compass","longitude","map-route","pin-map","pin-radius","point-distance","point-heart","point-map","point-minus","point-radius","point-solid","point-star","point","points","push-pin-angle","push-pin-distance","push-pin","sign-warning","signpost-2","signpost-3","signpost"],"logos":["humana-logo","la-medicaid-logo","myhumana-logo"],"miscellaneous":["beaker","fire","fireworks","graduation-cap","hearts","megaphone","pennant-flag-banner","puzzle-piece","tree"],"nucleus":["arrow-down","arrow-left","arrow-right","arrow-up","bell-notifications","bell","big-h-filled","big-h-outline","caret-down","caret-left","caret-right","caret-up","check-circle","check-mark","clipboard","close-menu","close-search","date-picker","download","edit","exclamation-circle","explain-this","filter","flag","heart-fill","heart-outline","humana-logo","info-reverse","info","la-medicaid-logo","lock-fill","lock","masking-hide","masking-show","menu","minus-remove","moon","new-window","note-check","pattern-circle","pattern-plus-left","pattern-plus-right","pdf","phone","plus-add","print","question-mark-reverse","quote-close","quote-open","ribbon-fill","ribbon-outline","search","social-facebook","social-google-plus","social-linkedin","social-pinterest","social-twitter","social-youtube","sort-down","sort-up","sort","speech-bubble-hello","star-fill","star-half-filled","star-outline","sun-set","sun","unlock","upload","user","warning-filled","warning"],"people":["boy","caller-female","caller-male","dentist","doctor","female-chat-reply","female-chat-script","female-chat","female-female-female","female-female","female-male","female","girl","headset-generic","male-chat-reply","male-chat-script","male-chat","male-female","male-headset","male-male-female","male-male-male","male-male","male","man","nurse","office-worker-female","office-worker-male","people-connect","people-large-group","people-question","people-small-group","people-structure","person-generic","pictogram-fill","police-female","police-male","scientist-female","scientist-male","surgeon","user-chat","user-check-mark","user-connect","user-edit","user-heart","user-location","user-minus","user-plus","user-reply","user-rotate","user-script","user-search","user-secure","user-settings","user-structure","user-switch","user-user-user","user-user","user-warning","user-x","user","woman"],"photography":["album","camera","film","image-panoramic","image-square","image","redeye-off"],"security":["alarmbell-off","alarmbell-ring","alarmbell","id-2","id-neck","id","key","padlock-closed-2","padlock-key","padlock-open-2","scales-justice","security-camera","shield-diagonal","shield-x","shield"],"shapes":["circle-reverse","circle","dodecahedron","heart","rectangle-rounded","square","star-cylinder-2","star"],"shopping":["51-percent","59-percent","68-percent","80-percent","bag-2","bag","box-closed","box-open","box-sealed-up","box-sealed","calculator-2","calculator","card-back","card-front-back","cart","credit-card","gift","note-card","note-dollar","notes-bundle","notes-coins","piggy-bank-coin","piggy-bank","store-front","subscription","tag-dollar","tag","tags","wallet-coins","wallet"],"space":["earth","meteors","moon-crescent","moon","rocket","shooting-star","stars","telescope"],"states":["alabama","alaska","arizona","arkansas","california","colorado","connecticut","delaware","florida","georgia","hawaii","idaho","illinois","indiana","iowa","kansas","kentucky","louisiana","maine","maryland","massachusetts","michigan","minnesota","mississippi","missouri","montana","nebraska","nevada","new-hampshire","new-jersey","new-mexico","new-york","north-carolina","north-dakota","ohio","oklahoma","oregon","pennsylvania","puerto-rico","rhode-island","south-carolina","south-dakota","tennessee","texas","utah","vermont","virginia","washington-dc","washington","west-virginia","wisconsin","wyoming"],"technology":["bluetooth","cloud-download","cloud-sync","cloud-upload","hard-drive-external","internet-settings","mouse-mac","mouse-wired","server-x","slider-side","touchpad","usb","wifi-signal-2","wifi-signal-3","wifi-signal"],"time":["12-hour","24-hour","alarm-old","calendar-heart","calendar","clock","past-time","sand-timer-start","stop-watch","wrist-watch-square","wrist-watch"],"transportation":["4x4","ambulance","bicycle","box-truck","car","lifebelt","plane","speedometer-2","speedometer"],"ui":["attachment-paperclip-2","attachment-paperclip","block","bullets","check-box","check-mark-circle","check-mark","cursor","delete","download","edit","field-search","filter","fingerprint","home-fill","home","list","plus","search-check-mark","search-heart","search-location","search-minus","search-person","search-plus","search-secure","search-star","search","settings-cog","settings-cogs","signin","signout","sliders","thumbs-down","thumbs-up","tiles-fill","tiles","upload","volume-high","volume-low","volume-medium","volume-mute","window-check-mark","window-play","window-x"],"weather":["cloud","clouds","pin-wheel","rainbow","sun","umbrella"]}