<?xml version="1.0" encoding="UTF-8"?>
<jcr:root xmlns:sling="http://sling.apache.org/jcr/sling/1.0" xmlns:granite="http://www.adobe.com/jcr/granite/1.0" xmlns:cq="http://www.day.com/jcr/cq/1.0" xmlns:jcr="http://www.jcp.org/jcr/1.0" xmlns:nt="http://www.jcp.org/jcr/nt/1.0"
    jcr:primaryType="nt:unstructured"
    jcr:title="Humana Form Container"
    sling:hideProperties="extraClientlibs"
    sling:resourceSuperType="core/wcm/components/form/container/v2/container/cq:dialog">
    <content 
		jcr:primaryType="nt:unstructured"
		sling:resourceType="granite/ui/components/coral/foundation/container">
        <items jcr:primaryType="nt:unstructured">
            <tabs
                jcr:primaryType="nt:unstructured"
                sling:resourceType="granite/ui/components/coral/foundation/tabs"
                maximized="{Boolean}true">
                <items jcr:primaryType="nt:unstructured">
                    <properties
                        jcr:primaryType="nt:unstructured"
                        jcr:title="Properties"
                        sling:resourceType="granite/ui/components/coral/foundation/container"
                        margin="{Boolean}true">
                        <items jcr:primaryType="nt:unstructured">
                            <columns
                                jcr:primaryType="nt:unstructured"
                                sling:resourceType="granite/ui/components/coral/foundation/fixedcolumns"
                                margin="{Boolean}true">
                                <items jcr:primaryType="nt:unstructured">
                                    <column
                                        jcr:primaryType="nt:unstructured"
                                        sling:resourceType="granite/ui/components/coral/foundation/container">
                                        <items jcr:primaryType="nt:unstructured">
                                        <api
                                                granite:class="cq-dialog-dropdown-showhide"
                                                jcr:primaryType="nt:unstructured"
                                                sling:resourceType="granite/ui/components/coral/foundation/form/select"
                                                fieldLabel="API"
                                                name="./api">
                                            <items jcr:primaryType="nt:unstructured">
                                                <callRail
                                                        jcr:primaryType="nt:unstructured"
                                                        text="CallRail"
                                                        value="callrail"/>
                                                <webToLead
                                                        jcr:primaryType="nt:unstructured"
                                                        text="WebToLead"
                                                        value="webtolead"/>
                                            </items>
                                            <granite:data
                                                    jcr:primaryType="nt:unstructured"
                                                    cq-dialog-dropdown-showhide-target=".apiType-showhide-target"/>
                                        </api>
                                        <callrail
                                                granite:class="apiType-showhide-target"
                                                jcr:primaryType="nt:unstructured"
                                                sling:resourceType="granite/ui/components/coral/foundation/container">
                                        <items jcr:primaryType="nt:unstructured">
                                            <endpoint
                                                jcr:primaryType="nt:unstructured"
                                                sling:resourceType="granite/ui/components/coral/foundation/form/textfield"
                                                fieldDescription="Brand name - no uppercase or spaces"
                                                fieldLabel="Brand"
                                                name="./externalServiceEndPointUrl"
                                                required="{Boolean}false"/>
                                            <formName
                                                    jcr:primaryType="nt:unstructured"
                                                    sling:resourceType="granite/ui/components/coral/foundation/form/textfield"
                                                    fieldDescription="From attribute to apply to the component as a hidden form field."
                                                    fieldLabel="Form Name"
                                                    name="./externalFormName"/>
                                        </items>
                                            <granite:data
                                                    jcr:primaryType="nt:unstructured"
                                                    showhidetargetvalue="callrail"/>
                                        </callrail>
                                            <webtolead
                                                    granite:class="apiType-showhide-target"
                                                    jcr:primaryType="nt:unstructured"
                                                    sling:resourceType="granite/ui/components/coral/foundation/container">
                                                <items jcr:primaryType="nt:unstructured">
                                                    <formSource
                                                            jcr:primaryType="nt:unstructured"
                                                            sling:resourceType="granite/ui/components/coral/foundation/form/textfield"
                                                            fieldDescription="Name of the form. ex: “Contact Us”"
                                                            fieldLabel="*Form Source (required)"
                                                            name="./formSource"/>
                                                </items>
                                                <granite:data
                                                        jcr:primaryType="nt:unstructured"
                                                        showhidetargetvalue="webtolead"/>
                                            </webtolead>
                                            <advanced
                                                jcr:primaryType="nt:unstructured"
                                                sling:hideResource="{Boolean}true"/>
                                            <workflowcontainer
                                                jcr:primaryType="nt:unstructured"
                                                sling:hideResource="{Boolean}true"/>
                                            <redirect
                                                jcr:primaryType="nt:unstructured"
                                                sling:hideResource="{Boolean}true"/>
                                            <id
                                                jcr:primaryType="nt:unstructured"
                                                sling:resourceType="granite/ui/components/coral/foundation/form/textfield"
                                                fieldDescription="HTML ID attribute to apply to the component."
                                                fieldLabel="ID"
                                                name="./id"/>
                                            <actionType
                                                jcr:primaryType="nt:unstructured"
                                                sling:hideResource="{Boolean}true"/>
                                            <requiredLabel
                                                jcr:primaryType="nt:unstructured"
                                                sling:resourceType="granite/ui/components/coral/foundation/form/textfield"
                                                fieldDescription="Required Label"
                                                fieldLabel="Required Label"
                                                name="./requiredLabel"/>
                                            <redirectURL
                                                jcr:primaryType="nt:unstructured"
                                                sling:resourceType="granite/ui/components/coral/foundation/form/textfield"
                                                fieldDescription="Enables page redirect after form submission. Ex: https://example.com"
                                                fieldLabel="Redirect URL"
                                                name="./redirectURL"/>
                                        </items>
                                    </column>
                                </items>
                            </columns>
                        </items>
                    </properties>
                    <modals
                        jcr:primaryType="nt:unstructured"
                        jcr:title="Modals"
                        sling:resourceType="granite/ui/components/coral/foundation/container"
                        margin="{Boolean}true">
                        <items jcr:primaryType="nt:unstructured">
                            <columns
                                jcr:primaryType="nt:unstructured"
                                sling:resourceType="granite/ui/components/coral/foundation/fixedcolumns"
                                margin="{Boolean}true">
                                <items jcr:primaryType="nt:unstructured">
                                    <column
                                        jcr:primaryType="nt:unstructured"
                                        sling:resourceType="granite/ui/components/coral/foundation/container">
                                        <items jcr:primaryType="nt:unstructured">
                                            <closeText
                                                jcr:primaryType="nt:unstructured"
                                                sling:resourceType="granite/ui/components/coral/foundation/form/textfield"
                                                emptyText="Close"
                                                fieldDescription="Text to appear next to the close button. If empty value set to &quot;Close&quot;"
                                                fieldLabel="Close text"
                                                name="./closeText"/>
                                            <successTitle
                                                jcr:primaryType="nt:unstructured"
                                                sling:resourceType="granite/ui/components/coral/foundation/form/textfield"
                                                fieldDescription="Title for success modal"
                                                fieldLabel="Success Title"
                                                name="./successTitle"/>
                                            <successDescription
                                                jcr:primaryType="nt:unstructured"
                                                sling:resourceType="granite/ui/components/coral/foundation/form/textfield"
                                                fieldDescription="Description for success modal"
                                                fieldLabel="Success Description"
                                                name="./successDescription"/>
                                            <failedTitle
                                                jcr:primaryType="nt:unstructured"
                                                sling:resourceType="granite/ui/components/coral/foundation/form/textfield"
                                                fieldDescription="Title for failed modal"
                                                fieldLabel="Failed Title"
                                                name="./failedTitle"/>
                                            <failedDescription
                                                jcr:primaryType="nt:unstructured"
                                                sling:resourceType="granite/ui/components/coral/foundation/form/textfield"
                                                fieldDescription="Description for failed modal"
                                                fieldLabel="Failed Description"
                                                name="./failedDescription"/>
                                        </items>
                                    </column>
                                </items>
                            </columns>
                        </items>
                    </modals>
                </items>
            </tabs>
        </items>
    </content>
</jcr:root>
