<?xml version="1.0" encoding="UTF-8"?>
<jcr:root xmlns:sling="http://sling.apache.org/jcr/sling/1.0" xmlns:granite="http://www.adobe.com/jcr/granite/1.0" xmlns:cq="http://www.day.com/jcr/cq/1.0" xmlns:jcr="http://www.jcp.org/jcr/1.0" xmlns:nt="http://www.jcp.org/jcr/nt/1.0"
    jcr:primaryType="nt:unstructured"
    jcr:title="Next Step"
    sling:resourceType="cq/gui/components/authoring/dialog">
    <content
        granite:class="cmp-navigation__editor"
        jcr:primaryType="nt:unstructured"
        sling:resourceType="granite/ui/components/coral/foundation/container">
        <items jcr:primaryType="nt:unstructured">
            <tabs
                jcr:primaryType="nt:unstructured"
                sling:resourceType="granite/ui/components/coral/foundation/tabs"
                maximized="{Boolean}true">
                <items jcr:primaryType="nt:unstructured">
                    <general
                        jcr:primaryType="nt:unstructured"
                        jcr:title="General"
                        sling:resourceType="granite/ui/components/coral/foundation/container"
                        margin="{Boolean}true">
                        <items jcr:primaryType="nt:unstructured">
                            <columns
                                jcr:primaryType="nt:unstructured"
                                sling:resourceType="granite/ui/components/coral/foundation/fixedcolumns"
                                margin="{Boolean}true">
                                <items jcr:primaryType="nt:unstructured">
                                    <column
                                        jcr:primaryType="nt:unstructured"
                                        sling:resourceType="granite/ui/components/coral/foundation/container">
                                        <items jcr:primaryType="nt:unstructured">
                                            <ctaOption
                                                granite:class="cq-dialog-dropdown-showhide"
                                                jcr:primaryType="nt:unstructured"
                                                sling:resourceType="granite/ui/components/coral/foundation/form/select"
                                                fieldLabel="CTA Option"
                                                value="input"
                                                name="./ctaOption">
                                                <items jcr:primaryType="nt:unstructured">
                                                    <input
                                                        jcr:primaryType="nt:unstructured"
                                                        text="Input and Button"
                                                        value="input"/>
                                                    <link
                                                        jcr:primaryType="nt:unstructured"
                                                        text="Link"
                                                        value="link"/>
                                                    <none
                                                        jcr:primaryType="nt:unstructured"
                                                        text="None"
                                                        value="none"/>
                                                </items>
                                                <granite:data
                                                    jcr:primaryType="nt:unstructured"
                                                    cq-dialog-dropdown-showhide-target=".ctaOption-showhide-target"/>
                                            </ctaOption>
                                            <btnCTAContainer
                                                granite:class="ctaOption-showhide-target"
                                                jcr:primaryType="nt:unstructured"
                                                sling:resourceType="granite/ui/components/coral/foundation/container">
                                                <items jcr:primaryType="nt:unstructured">
                                                    <buttonText
                                                        jcr:primaryType="nt:unstructured"
                                                        sling:resourceType="granite/ui/components/coral/foundation/form/textfield"
                                                        fieldDescription="Normal text below heading"
                                                        fieldLabel="Button Text"
                                                        value="Sign up"
                                                        name="./buttonText"
                                                        required="{Boolean}false">
                                                    </buttonText>
                                                    <validationOption
                                                        granite:class="cq-dialog-dropdown-showhide"
                                                        jcr:primaryType="nt:unstructured"
                                                        sling:resourceType="granite/ui/components/coral/foundation/form/select"
                                                        fieldLabel="Validation Option"
                                                        value="email"
                                                        name="./validationOption">
                                                        <items jcr:primaryType="nt:unstructured">
                                                            <default
                                                                jcr:primaryType="nt:unstructured"
                                                                text="Default"
                                                                value="default"/>
                                                            <name
                                                                jcr:primaryType="nt:unstructured"
                                                                text="Name"
                                                                value="name"/>
                                                            <zipCode
                                                                jcr:primaryType="nt:unstructured"
                                                                text="Zip Code"
                                                                value="zip"/>
                                                            <phoneNumber
                                                                jcr:primaryType="nt:unstructured"
                                                                text="Phone Number"
                                                                value="phone"/>
                                                            <email
                                                                jcr:primaryType="nt:unstructured"
                                                                text="Email"
                                                                value="email"/>
                                                            <!-- <customRegEx
                                                                jcr:primaryType="nt:unstructured"
                                                                text="Custom Regex"
                                                                value="customRegEx"/> -->
                                                        </items>
                                                        <granite:data
                                                            jcr:primaryType="nt:unstructured"
                                                            cq-dialog-dropdown-showhide-target=".validationOption-showhide-target"/>
                                                    </validationOption>
                                                    <validationLabel
                                                        jcr:primaryType="nt:unstructured"
                                                        sling:resourceType="granite/ui/components/coral/foundation/form/textfield"
                                                        fieldDescription="Label the input"
                                                        fieldLabel="Field Label"
                                                        value="Email address"
                                                        name="./validationLabel"
                                                        required="{Boolean}false"/>
                                                </items>
                                                <granite:data
                                                    jcr:primaryType="nt:unstructured"
                                                    showhidetargetvalue="input"/>
                                            </btnCTAContainer>
                                            <linkContainer
                                                granite:class="ctaOption-showhide-target"
                                                jcr:primaryType="nt:unstructured"
                                                sling:resourceType="granite/ui/components/coral/foundation/container"
                                                >
                                                <items jcr:primaryType="nt:unstructured">
                                                    <ctaRoute
                                                        jcr:primaryType="nt:unstructured"
                                                        sling:resourceType="granite/ui/components/coral/foundation/form/pathfield"
                                                        fieldDescription="Provide call to action route for presentation Highlight."
                                                        fieldLabel="CTA Route"
                                                        value="/content"
                                                        name="./ctaRoute"
                                                        required="{Boolean}false"/>
                                                        <granite:data
                                                            jcr:primaryType="nt:unstructured"
                                                            regex="^.*(/content).*$|^.*(https://).*$"
                                                            regexText="Please select a value that should start from &quot;/content&quot; or &quot;https&quot;"/>
                                                    <linkText
                                                        jcr:primaryType="nt:unstructured"
                                                        sling:resourceType="granite/ui/components/coral/foundation/form/textfield"
                                                        fieldLabel="Link Text"
                                                        name="./linkText"
                                                        required="{Boolean}false">
                                                    </linkText>
                                                    <ctaTarget
                                                        jcr:primaryType="nt:unstructured"
                                                        sling:resourceType="granite/ui/components/foundation/form/select"
                                                        fieldDescription="Target to open the legal link on new tab"
                                                        fieldLabel="Open CTA Route in a...."
                                                        name="./ctaTarget">
                                                        <items jcr:primaryType="nt:unstructured">
                                                            <newtab
                                                                jcr:primaryType="nt:unstructured"
                                                                text="New Tab"
                                                                value="_blank"/>
                                                            <sametab
                                                                jcr:primaryType="nt:unstructured"
                                                                text="Same Tab"
                                                                value="_parent"/>
                                                        </items>
                                                    </ctaTarget>
                                                </items>
                                                <granite:data
                                                    jcr:primaryType="nt:unstructured"
                                                    showhidetargetvalue="link"/>
                                            </linkContainer>
                                            <asteriskHidden
                                                jcr:primaryType="nt:unstructured"
                                                sling:resourceType="granite/ui/components/coral/foundation/form/switch"
                                                checked="{Boolean}true"
                                                fieldLabel="Make input asterisk hidden"
                                                name="./asteriskHidden"/>
                                            <validationRequired
                                                jcr:primaryType="nt:unstructured"
                                                sling:resourceType="granite/ui/components/coral/foundation/form/switch"
                                                checked="{Boolean}true"
                                                fieldLabel="Make input required"
                                                name="./validationRequired"/>
                                            <largeHeading
                                                maxlength="44"
                                                jcr:primaryType="nt:unstructured"
                                                sling:resourceType="granite/ui/components/coral/foundation/form/textfield"
                                                fieldDescription="Only use one heading type otherwise both will show up"
                                                fieldLabel="Large Heading"
                                                name="./largeHeading"
                                                value="Join our Humana News email list"
                                                required="{Boolean}false"/>
                                            <smallHeading
                                                maxlength="44"
                                                jcr:primaryType="nt:unstructured"
                                                sling:resourceType="granite/ui/components/coral/foundation/form/textfield"
                                                fieldDescription="Only use one heading type otherwise both will show up"
                                                fieldLabel="Small Heading"
                                                name="./smallHeading"
                                                required="{Boolean}false"/>
                                            <description
                                                jcr:primaryType="nt:unstructured"
                                                sling:resourceType="granite/ui/components/coral/foundation/form/textfield"
                                                fieldDescription="Normal text below heading"
                                                fieldLabel="Description"
                                                value="Share your email to receive updates, new information, and helpful tips."
                                                name="./description"
                                                required="{Boolean}false"/>
                                            <iconList
                                                jcr:primaryType="nt:unstructured"
                                                sling:resourceType="granite/ui/components/coral/foundation/form/select"
                                                emptyOption="{Boolean}true"
                                                fieldDescription="Select the icon family and icon name &lt;Glyph>. Use ctrl + F to search a particular icon. For more details  https://nucleus.apps.external.pioneer.humana.com/?path=/story/icon-library-library--active"
                                                fieldLabel="Icon Family / Icon Name"
                                                name="./icon">
                                                <datasource
                                                    jcr:primaryType="nt:unstructured"
                                                    sling:resourceType="aem/foundation/globalReferences/dynamicIconValues"/>
                                            </iconList>    
                                        </items>
                                    </column>
                                </items>
                            </columns>
                        </items>
                    </general>
                    <advanced
                        jcr:primaryType="nt:unstructured"
                        jcr:title="Advanced"
                        sling:resourceType="granite/ui/components/coral/foundation/container"
                        margin="{Boolean}true">
                        <items jcr:primaryType="nt:unstructured">
                            <columns
                                jcr:primaryType="nt:unstructured"
                                sling:resourceType="granite/ui/components/coral/foundation/fixedcolumns"
                                margin="{Boolean}true">
                                <items jcr:primaryType="nt:unstructured">
                                    <column
                                        jcr:primaryType="nt:unstructured"
                                        sling:resourceType="granite/ui/components/coral/foundation/container">
                                        <items jcr:primaryType="nt:unstructured">
                                            <componentID
                                                jcr:primaryType="nt:unstructured"
                                                sling:resourceType="granite/ui/components/coral/foundation/form/textfield"
                                                fieldDescription="Unique identifier used to target with an anchor copmonent or the back-to-top settings in footer"
                                                fieldLabel="Field Label"
                                                value="Component ID"
                                                name="./componentID"
                                                required="{Boolean}false"/>
                                        </items>
                                    </column>
                                </items>
                            </columns>
                        </items>
                    </advanced>
                </items>
            </tabs>
        </items>
    </content>
</jcr:root>
