<?xml version="1.0" encoding="UTF-8"?>
<jcr:root xmlns:sling="http://sling.apache.org/jcr/sling/1.0" xmlns:granite="http://www.adobe.com/jcr/granite/1.0" xmlns:cq="http://www.day.com/jcr/cq/1.0" xmlns:jcr="http://www.jcp.org/jcr/1.0" xmlns:nt="http://www.jcp.org/jcr/nt/1.0"
    jcr:primaryType="nt:unstructured"
    jcr:title="CallRail Form"
    sling:resourceType="cq/gui/components/authoring/dialog">
  <content
    jcr:primaryType="nt:unstructured"
    sling:resourceType="granite/ui/components/coral/foundation/fixedcolumns">
    <items jcr:primaryType="nt:unstructured">
      <column
        jcr:primaryType="nt:unstructured"
        sling:resourceType="granite/ui/components/coral/foundation/container">
        <items jcr:primaryType="nt:unstructured">
          <title
            jcr:primaryType="nt:unstructured"
            sling:resourceType="granite/ui/components/coral/foundation/form/textfield"
            fieldDescription="The author will be able to enter the form title."
            fieldLabel="Form Title"
            name="./title"/>
          <formItems
            jcr:primaryType="nt:unstructured"
            sling:resourceType="granite/ui/components/coral/foundation/form/multifield"
            fieldDescription="The author will be able to enter the form items."
            fieldLabel="Form Detail Items"
            composite="{Boolean}true">
            <field jcr:primaryType="nt:unstructured"
                   sling:resourceType="granite/ui/components/foundation/container"
                   name="./formItems">
              <items jcr:primaryType="nt:unstructured">
                <label
                  jcr:primaryType="nt:unstructured"
                  sling:resourceType="granite/ui/components/foundation/form/textfield"
                  fieldLabel="Label"
                  name="./label"/>
                <placeHolder
                  jcr:primaryType="nt:unstructured"
                  sling:resourceType="granite/ui/components/foundation/form/textfield"
                  fieldLabel="Placeholder"
                  name="./placeHolder"/>
              </items>
            </field>
          </formItems>
          <cta
            jcr:primaryType="nt:unstructured"
            sling:resourceType="granite/ui/components/coral/foundation/form/textfield"
            fieldDescription="The text to display on the button."
            fieldLabel="CTA"
            name="./cta"/>
          <ctaLink
            jcr:primaryType="nt:unstructured"
            sling:resourceType="granite/ui/components/coral/foundation/form/pathfield"
            fieldDescription="Link to a content page, external URL or page anchor."
            fieldLabel="CTA Link"
            name="./ctaLink"/>
          <footerDesc
            jcr:primaryType="nt:unstructured"
            sling:resourceType="granite/ui/components/coral/foundation/form/textfield"
            fieldDescription="The text to display on the form footer."
            fieldLabel="Footer Desc"
            name="./footerDesc"/>
        </items>
      </column>
    </items>
  </content>
</jcr:root>
