<?xml version="1.0" encoding="UTF-8"?>
<jcr:root xmlns:sling="http://sling.apache.org/jcr/sling/1.0" xmlns:cq="http://www.day.com/jcr/cq/1.0" xmlns:jcr="http://www.jcp.org/jcr/1.0" xmlns:nt="http://www.jcp.org/jcr/nt/1.0"
    xmlns:granite="http://www.adobe.com/jcr/granite/1.0"
    jcr:primaryType="nt:unstructured"
    jcr:title="Options"
    sling:resourceType="cq/gui/components/authoring/dialog">
    <content
        jcr:primaryType="nt:unstructured"
        sling:resourceType="granite/ui/components/coral/foundation/container">
        <items jcr:primaryType="nt:unstructured">
            <tabs
                jcr:primaryType="nt:unstructured"
                sling:resourceType="granite/ui/components/coral/foundation/tabs">
                <items jcr:primaryType="nt:unstructured">
                    <general
                        jcr:primaryType="nt:unstructured"
                        jcr:title="properties"
                        sling:resourceType="granite/ui/components/coral/foundation/container">
                        <items jcr:primaryType="nt:unstructured">
                          <text
                            jcr:primaryType="nt:unstructured"
                            sling:resourceType="granite/ui/components/coral/foundation/form/textfield"
                            fieldDescription="Default dropdown text"
                            fieldLabel="Default Dropdown Text"
                            name="./defaultText"
                            required="{Boolean}false"
                            value="Select a location"/>
                          <returnperstate
                            jcr:primaryType="nt:unstructured"
                            sling:resourceType="granite/ui/components/coral/foundation/form/checkbox"
                            fieldDescription="When checked, return grouped by state"
                            name="./returnPerState"
                            text="Return Grouped by State"
                            value="true">
                            <granite:data
                              jcr:primaryType="nt:unstructured"
                              allowBulkEdit="{Boolean}true"
                              cq-msm-lockable="returnPerState"/>
                          </returnperstate>
                          <locationlist
                            jcr:primaryType="nt:unstructured"
                            sling:resourceType="granite/ui/components/coral/foundation/form/multifield"
                            class="full-width"
                            composite="{Boolean}true"
                            fieldDescription="Click 'Add' to add a new location path">
                            <field
                              jcr:primaryType="nt:unstructured"
                              sling:resourceType="granite/ui/components/coral/foundation/container"
                              name="./locations">
                              <layout
                                jcr:primaryType="nt:unstructured"
                                sling:resourceType="granite/ui/components/coral/foundation/fixedcolumns"
                                method="absolute"/>
                              <items jcr:primaryType="nt:unstructured">
                                <column
                                  jcr:primaryType="nt:unstructured"
                                  sling:resourceType="granite/ui/components/coral/foundation/container">
                                  <items jcr:primaryType="nt:unstructured">
                                    <link
                                      jcr:primaryType="nt:unstructured"
                                      sling:resourceType="granite/ui/components/coral/foundation/form/pathfield"
                                      fieldDescription="Enter Location Path"
                                      fieldLabel="Location Path"
                                      name="./path"
                                      rootPath="/content/care-delivery"/>
                                  </items>
                                </column>
                              </items>
                            </field>
                          </locationlist>
                          <returnonlydoctors
                            jcr:primaryType="nt:unstructured"
                            sling:resourceType="granite/ui/components/coral/foundation/form/checkbox"
                            fieldDescription="When checked, it will return only the doctors in each location"
                            name="./returnOnlyDoctors"
                            text="Return Only Doctors"
                            value="true">
                            <granite:data
                              jcr:primaryType="nt:unstructured"
                              allowBulkEdit="{Boolean}true"
                              cq-msm-lockable="returnOnlyDoctors"/>
                          </returnonlydoctors>
                        </items>
                    </general>
                </items>
            </tabs>
        </items>
    </content>
</jcr:root>
