<?xml version="1.0" encoding="UTF-8"?>
<jcr:root xmlns:sling="http://sling.apache.org/jcr/sling/1.0" xmlns:granite="http://www.adobe.com/jcr/granite/1.0" xmlns:cq="http://www.day.com/jcr/cq/1.0" xmlns:jcr="http://www.jcp.org/jcr/1.0" xmlns:nt="http://www.jcp.org/jcr/nt/1.0"
    jcr:primaryType="nt:unstructured"
    jcr:title="Article Collection"
    sling:resourceType="cq/gui/components/authoring/dialog"
    extraClientlibs="[article.collection.authoring]">
    <content
        granite:class="cmp-navigation__editor"
        jcr:primaryType="nt:unstructured"
        sling:resourceType="granite/ui/components/coral/foundation/container">
        <items jcr:primaryType="nt:unstructured">
            <tabs
                granite:class="collection-tab-container"
                jcr:primaryType="nt:unstructured"
                sling:resourceType="granite/ui/components/coral/foundation/tabs"
                maximized="{Boolean}true">
                <items jcr:primaryType="nt:unstructured">
                    <general
                        jcr:primaryType="nt:unstructured"
                        jcr:title="General"
                        sling:resourceType="granite/ui/components/coral/foundation/container"
                        margin="{Boolean}true">
                        <items jcr:primaryType="nt:unstructured">
                            <columns
                                jcr:primaryType="nt:unstructured"
                                sling:resourceType="granite/ui/components/coral/foundation/fixedcolumns"
                                margin="{Boolean}true">
                                <items jcr:primaryType="nt:unstructured">
                                    <column
                                        jcr:primaryType="nt:unstructured"
                                        sling:resourceType="granite/ui/components/coral/foundation/container">
                                        <items jcr:primaryType="nt:unstructured">
                                            <heading
                                                jcr:primaryType="nt:unstructured"
                                                sling:resourceType="granite/ui/components/coral/foundation/form/textfield"
                                                fieldDescription="Enter the heading"
                                                fieldLabel="Heading"
                                                name="./heading"/>
                                            <collectionFrom
                                                granite:class="cq-dialog-dropdown-showhide"
                                                jcr:primaryType="nt:unstructured"
                                                sling:resourceType="granite/ui/components/coral/foundation/form/select"
                                                fieldDescription="Select the option to build the collection from. Filter is not applicable if Fixed list is selected."
                                                fieldLabel="Build Collection Using"
                                                name="./collectionFrom">
                                                <granite:data
                                                    jcr:primaryType="nt:unstructured"
                                                    cq-dialog-dropdown-showhide-target=".collection-option-listfrom-showhide-target"/>
                                                <items jcr:primaryType="nt:unstructured">
                                                    <children
                                                        granite:hide="${cqDesign.disableChildren}"
                                                        jcr:primaryType="nt:unstructured"
                                                        text="Child pages"
                                                        value="children"/>
                                                    <static
                                                        granite:hide="${cqDesign.disableStatic}"
                                                        jcr:primaryType="nt:unstructured"
                                                        text="Fixed list"
                                                        value="static"/>
                                                    <tags
                                                        granite:hide="${cqDesign.disableTags}"
                                                        jcr:primaryType="nt:unstructured"
                                                        text="Tags"
                                                        value="tags"/>
                                                </items>
                                            </collectionFrom>
                                            <setChildren
                                                granite:class="hide collection-option-listfrom-showhide-target foundation-layout-util-vmargin"
                                                jcr:primaryType="nt:unstructured"
                                                sling:resourceType="granite/ui/components/coral/foundation/container">
                                                <granite:data
                                                    jcr:primaryType="nt:unstructured"
                                                    showhidetargetvalue="children"/>
                                                <items jcr:primaryType="nt:unstructured">
                                                    <heading
                                                        granite:class="coral-Heading coral-Heading--4"
                                                        jcr:primaryType="nt:unstructured"
                                                        sling:resourceType="granite/ui/components/coral/foundation/heading"
                                                        level="{Long}4"
                                                        text="Options for Child Pages"/>
                                                    <well
                                                        jcr:primaryType="nt:unstructured"
                                                        sling:resourceType="granite/ui/components/coral/foundation/well">
                                                        <items jcr:primaryType="nt:unstructured">
                                                            <articleRootPath
                                                                jcr:primaryType="nt:unstructured"
                                                                sling:resourceType="granite/ui/components/coral/foundation/form/pathfield"
                                                                fieldDescription="Path to the Article detail content pages."
                                                                fieldLabel="Article Detail Page folder"
                                                                name="./articleDetailPagePath"
                                                                required="{Boolean}true"
                                                                rootPath="/content"/>
                                                        </items>
                                                    </well>
                                                </items>
                                            </setChildren>
                                            <setStatic
                                                granite:class="hide collection-option-listfrom-showhide-target foundation-layout-util-vmargin"
                                                jcr:primaryType="nt:unstructured"
                                                sling:resourceType="granite/ui/components/coral/foundation/container">
                                                <granite:data
                                                    jcr:primaryType="nt:unstructured"
                                                    showhidetargetvalue="static"/>
                                                <items jcr:primaryType="nt:unstructured">
                                                    <heading
                                                        granite:class="coral-Heading coral-Heading--4"
                                                        jcr:primaryType="nt:unstructured"
                                                        sling:resourceType="granite/ui/components/coral/foundation/heading"
                                                        level="{Long}4"
                                                        text="Options for Fixed List"/>
                                                    <well
                                                        jcr:primaryType="nt:unstructured"
                                                        sling:resourceType="granite/ui/components/coral/foundation/well">
                                                        <items jcr:primaryType="nt:unstructured">
                                                            <pages
                                                                granite:class="foundation-layout-util-maximized-alt coral-Form-fieldwrapper"
                                                                jcr:primaryType="nt:unstructured"
                                                                sling:resourceType="granite/ui/components/coral/foundation/container">
                                                                <items jcr:primaryType="nt:unstructured">
                                                                    <multi
                                                                        granite:class=""
                                                                        jcr:primaryType="nt:unstructured"
                                                                        sling:resourceType="granite/ui/components/coral/foundation/form/multifield">
                                                                        <field
                                                                            jcr:primaryType="nt:unstructured"
                                                                            sling:resourceType="cq/gui/components/coral/common/form/pagefield"
                                                                            name="./pages"
                                                                            rootPath="/content"/>
                                                                    </multi>
                                                                </items>
                                                            </pages>
                                                        </items>
                                                    </well>
                                                </items>
                                            </setStatic>
                                            <setTags
                                                granite:class="hide collection-option-listfrom-showhide-target foundation-layout-util-vmargin"
                                                jcr:primaryType="nt:unstructured"
                                                sling:resourceType="granite/ui/components/coral/foundation/container">
                                                <granite:data
                                                    jcr:primaryType="nt:unstructured"
                                                    showhidetargetvalue="tags"/>
                                                <items jcr:primaryType="nt:unstructured">
                                                    <heading
                                                        granite:class="coral-Heading coral-Heading--4"
                                                        jcr:primaryType="nt:unstructured"
                                                        sling:resourceType="granite/ui/components/coral/foundation/heading"
                                                        level="{Long}4"
                                                        text="Options for Tags"/>
                                                    <well
                                                        jcr:primaryType="nt:unstructured"
                                                        sling:resourceType="granite/ui/components/coral/foundation/well">
                                                        <items jcr:primaryType="nt:unstructured">
                                                            <articleRootPath
                                                                jcr:primaryType="nt:unstructured"
                                                                sling:resourceType="granite/ui/components/coral/foundation/form/pathfield"
                                                                fieldDescription="Path to the Article detail content pages."
                                                                fieldLabel="Article Detail Page folder"
                                                                name="./tagsSearchRoot"
                                                                required="{Boolean}true"
                                                                rootPath="/content"/>
                                                            <topicTags
                                                                jcr:primaryType="nt:unstructured"
                                                                sling:resourceType="cq/gui/components/coral/common/form/tagfield"
                                                                fieldDescription="Select Category/Topic tag to refine the results"
                                                                fieldLabel="Category/Topic Tag"
                                                                multiple="{Boolean}true"
                                                                name="./topicTags"
                                                                rootPath="/content/cq:tags/sites"/>
                                                            <contentTypeTag
                                                                jcr:primaryType="nt:unstructured"
                                                                sling:resourceType="cq/gui/components/coral/common/form/tagfield"
                                                                fieldDescription="Select Content Type tag to refine the results"
                                                                fieldLabel="Content Type Tag"
                                                                multiple="{Boolean}true"
                                                                name="./contentTypeTag"
                                                                rootPath="/content/cq:tags/sites"/>
                                                            <yearTag
                                                                jcr:primaryType="nt:unstructured"
                                                                sling:resourceType="cq/gui/components/coral/common/form/tagfield"
                                                                fieldDescription="Select Year tag to refine the results"
                                                                fieldLabel="Year Tag"
                                                                multiple="{Boolean}true"
                                                                name="./yearTag"
                                                                rootPath="/content/cq:tags/sites"/>
                                                        </items>
                                                    </well>
                                                </items>
                                            </setTags>
                                            <articlesToFetch
                                                jcr:primaryType="nt:unstructured"
                                                sling:resourceType="granite/ui/components/coral/foundation/form/numberfield"
                                                defaultValue="{Long}3"
                                                fieldDescription="Configure the Max Number of Articles to fetch from the repository (min 3 and max 200)"
                                                fieldLabel="Number of Articles to fetch"
                                                max="{Long}200"
                                                min="{Long}3"
                                                name="./articlesToFetch"
                                                required="{Boolean}true"/>
                                            <dateFormat
                                                jcr:primaryType="nt:unstructured"
                                                sling:resourceType="granite/ui/components/coral/foundation/form/select"
                                                fieldLabel="Date Format"
                                                name="./dateFormat">
                                                <items jcr:primaryType="nt:unstructured">
                                                    <option1
                                                        jcr:primaryType="nt:unstructured"
                                                        text="MM/DD/YYYY (Ex: 01/27/2022)"
                                                        value="MM/dd/yyyy"/>
                                                    <option2
                                                        jcr:primaryType="nt:unstructured"
                                                        text="Month DD, YYYY (Ex: January 27, 2022)"
                                                        value="MMM dd, yyyy"/>
                                                </items>
                                            </dateFormat>
                                            <ctaText
                                                jcr:primaryType="nt:unstructured"
                                                sling:resourceType="granite/ui/components/coral/foundation/form/textfield"
                                                fieldDescription="The text to display on the button."
                                                fieldLabel="CTA Text"
                                                name="./ctaText"/>
                                            <ctaLink
                                                jcr:primaryType="nt:unstructured"
                                                sling:resourceType="granite/ui/components/coral/foundation/form/pathfield"
                                                fieldDescription="Path to the page which will open on button click."
                                                fieldLabel="CTA Link"
                                                name="./ctaLink"
                                                rootPath="/content"/>
                                            <ctaTarget
                                                jcr:primaryType="nt:unstructured"
                                                sling:resourceType="granite/ui/components/coral/foundation/form/select"
                                                fieldDescription="Target to open the link on new/same tab"
                                                fieldLabel="CTA Target"
                                                name="./ctaTarget">
                                                <items jcr:primaryType="nt:unstructured">
                                                    <newTab
                                                        jcr:primaryType="nt:unstructured"
                                                        text="New Tab"
                                                        value="_blank"/>
                                                    <sameTab
                                                        jcr:primaryType="nt:unstructured"
                                                        text="Same Tab"
                                                        value="_self"/>
                                                </items>
                                            </ctaTarget>
                                        </items>
                                    </column>
                                </items>
                            </columns>
                        </items>
                    </general>
                    <advanced
                        jcr:primaryType="nt:unstructured"
                        jcr:title="Advanced"
                        sling:resourceType="granite/ui/components/coral/foundation/container"
                        margin="{Boolean}true">
                        <items jcr:primaryType="nt:unstructured">
                            <columns
                                jcr:primaryType="nt:unstructured"
                                sling:resourceType="granite/ui/components/coral/foundation/fixedcolumns"
                                margin="{Boolean}true">
                                <items jcr:primaryType="nt:unstructured">
                                    <column
                                        jcr:primaryType="nt:unstructured"
                                        sling:resourceType="granite/ui/components/coral/foundation/container">
                                        <items jcr:primaryType="nt:unstructured">
                                            <showHeading
                                                jcr:primaryType="nt:unstructured"
                                                sling:resourceType="granite/ui/components/coral/foundation/form/switch"
                                                checked="{Boolean}true"
                                                fieldLabel="Show heading"
                                                name="./showHeading"
                                                text="Show heading"/>
                                            <showButton
                                                jcr:primaryType="nt:unstructured"
                                                sling:resourceType="granite/ui/components/coral/foundation/form/switch"
                                                checked="{Boolean}true"
                                                fieldLabel="Show Button"
                                                name="./enableButton"
                                                text="Show Button"/>
                                            <showTopic
                                                jcr:primaryType="nt:unstructured"
                                                sling:resourceType="granite/ui/components/coral/foundation/form/switch"
                                                checked="{Boolean}true"
                                                fieldDescription="Toggle to show or hide Category/Topic"
                                                fieldLabel="Show Category/Topic"
                                                name="./showTopic"/>
                                            <topicLabel
                                                jcr:primaryType="nt:unstructured"
                                                sling:resourceType="granite/ui/components/coral/foundation/form/textfield"
                                                fieldDescription="Enter the topic label"
                                                fieldLabel="Topic Label"
                                                name="./topicLabel"/>
                                            <showDate
                                                jcr:primaryType="nt:unstructured"
                                                sling:resourceType="granite/ui/components/coral/foundation/form/switch"
                                                checked="{Boolean}true"
                                                fieldDescription="Toggle to show or hide date"
                                                fieldLabel="Show Date"
                                                name="./enableDate"/>
                                            <showContentType
                                                jcr:primaryType="nt:unstructured"
                                                sling:resourceType="granite/ui/components/coral/foundation/form/switch"
                                                checked="{Boolean}true"
                                                fieldDescription="Toggle to show or hide Content Type"
                                                fieldLabel="Show Content Type"
                                                name="./showContentType"/>
                                            <enableSortTrigger
                                                jcr:primaryType="nt:unstructured"
                                                sling:resourceType="granite/ui/components/coral/foundation/form/switch"
                                                checked="{Boolean}true"
                                                fieldDescription="Toggle to enable or disable sort trigger"
                                                fieldLabel="Enable SortTrigger"
                                                name="./enableSortTrigger"/>
                                            <enableSortDropdown
                                                jcr:primaryType="nt:unstructured"
                                                sling:resourceType="granite/ui/components/coral/foundation/form/switch"
                                                checked="{Boolean}true"
                                                fieldDescription="Toggle to enable or disable sort dropdown styles. It will be usable only if we enable sort trigger"
                                                fieldLabel="Enable Sort Dropdown"
                                                name="./enableSortDropdown"/>
                                            <enablePagination
                                                jcr:primaryType="nt:unstructured"
                                                sling:resourceType="granite/ui/components/coral/foundation/form/switch"
                                                checked="{Boolean}true"
                                                fieldDescription="Toggle to enable or disable pagination"
                                                fieldLabel="Enable Pagination"
                                                name="./enablePagination"/>
                                            <paginationOnTop
                                                jcr:primaryType="nt:unstructured"
                                                sling:resourceType="granite/ui/components/coral/foundation/form/switch"
                                                checked="{Boolean}false"
                                                fieldLabel="Place pagination on top"
                                                name="./paginationOnTop"/>
                                            <resultsPerPage
                                                jcr:primaryType="nt:unstructured"
                                                sling:resourceType="granite/ui/components/coral/foundation/form/textfield"
                                                fieldDescription="Enter the number of items to display."
                                                fieldLabel="Number of previews to display when pagination is enabled"
                                                name="./resultsPerPage"
                                                required="{Boolean}false"/>
                                            <componentID
                                                jcr:primaryType="nt:unstructured"
                                                sling:resourceType="granite/ui/components/coral/foundation/form/textfield"
                                                fieldDescription="Unique ID to target with an Anchor and Back to Top button."
                                                fieldLabel="Component ID"
                                                name="./componentID"
                                                required="{Boolean}false"/>
                                        </items>
                                    </column>
                                </items>
                            </columns>
                        </items>
                    </advanced>
                    <filter
                        jcr:primaryType="nt:unstructured"
                        jcr:title="Filter"
                        sling:resourceType="granite/ui/components/coral/foundation/container"
                        margin="{Boolean}true">
                        <items jcr:primaryType="nt:unstructured">
                            <columns
                                jcr:primaryType="nt:unstructured"
                                sling:resourceType="granite/ui/components/coral/foundation/fixedcolumns"
                                margin="{Boolean}true">
                                <items jcr:primaryType="nt:unstructured">
                                    <column
                                        jcr:primaryType="nt:unstructured"
                                        sling:resourceType="granite/ui/components/coral/foundation/container">
                                        <items jcr:primaryType="nt:unstructured">
                                            <enableFilter
                                                jcr:primaryType="nt:unstructured"
                                                sling:resourceType="granite/ui/components/coral/foundation/form/switch"
                                                checked="{Boolean}true"
                                                fieldDescription="Toggle to enable or disable filters"
                                                fieldLabel="Enable Filters"
                                                name="./enableFilter"/>
                                            <filterTitle
                                                jcr:primaryType="nt:unstructured"
                                                sling:resourceType="granite/ui/components/coral/foundation/form/textfield"
                                                fieldDescription="Title of the Filter UI."
                                                fieldLabel="Filter UI title"
                                                name="./filterTitle"
                                                required="{Boolean}false"/>
                                            <filterButtonTitle
                                                jcr:primaryType="nt:unstructured"
                                                sling:resourceType="granite/ui/components/coral/foundation/form/textfield"
                                                fieldDescription="Name on the the Filter UI button"
                                                fieldLabel="Filter button title"
                                                name="./filterButtonTitle"
                                                required="{Boolean}false"/>
                                        </items>
                                    </column>
                                </items>
                            </columns>
                        </items>
                    </filter>
                </items>
            </tabs>
        </items>
    </content>
</jcr:root>
